[0m12:29:44.257867 [debug] [ThreadPool]: On list_dbt_dev_dbt_osalami_marts: /* {"app": "dbt", "dbt_version": "1.11.12", "dbt_databricks_version": "1.12.2", "databricks_sql_connector_version": "4.3.0", "profile_name": "ppg", "target_name": "dev", "invocation_id": "2b8c49a3-e0fd-4b5b-9b2e-15bf4e99c733", "connection_name": "list_dbt_dev_dbt_osalami_marts"} */

    
SELECT
  table_name,
  if(table_type IN ('EXTERNAL', 'MANAGED', 'MANAGED_SHALLOW_CLONE', 'EXTERNAL_SHALLOW_CLONE'), 'table', lower(table_type)) AS table_type,
  lower(data_source_format) AS file_format,
  table_owner,
  if(
    table_type IN (
      'EXTERNAL',
      'MANAGED',
      'MANAGED_SHALLOW_CLONE',
      'EXTERNAL_SHALLOW_CLONE'
    ),
    lower(table_type),
    NULL
  ) AS databricks_table_type
FROM `system`.`information_schema`.`tables`
WHERE table_catalog = 'dbt_dev'
  AND table_schema = 'dbt_osalami_marts'

  
[0m12:29:44.260337 [debug] [ThreadPool]: Opening a new connection, currently in state init
[0m12:29:45.748405 [debug] [ThreadPool]: Databricks adapter: Connection(session-id=01f1c33d-da97-197b-b290-5cd3b40848b5) - Created
[0m12:29:45.749045 [debug] [ThreadPool]: Databricks adapter: Connection(session-id=01f1c33d-da9b-1c5c-9c60-d4b63313b923) - Created
[0m12:29:45.749351 [debug] [ThreadPool]: Databricks adapter: Connection(session-id=01f1c33d-da97-1661-b13f-5dd9c6354f34) - Created
[0m12:29:58.084748 [debug] [ThreadPool]: SQL status: OK in 13.830 seconds
[0m12:29:58.100856 [debug] [ThreadPool]: Databricks adapter: Cursor(session-id=01f1c33d-da97-197b-b290-5cd3b40848b5, command-id=01f1c33d-dae2-11eb-a150-1009297086dc) - Closing
[0m12:29:58.104573 [debug] [ThreadPool]: SQL status: OK in 13.840 seconds
[0m12:29:58.105388 [debug] [ThreadPool]: SQL status: OK in 13.850 seconds
[0m12:29:58.107273 [debug] [ThreadPool]: Databricks adapter: Cursor(session-id=01f1c33d-da9b-1c5c-9c60-d4b63313b923, command-id=01f1c33d-dae2-156e-b267-bba9dd29c871) - Closing
[0m12:29:58.109848 [debug] [ThreadPool]: Databricks adapter: Cursor(session-id=01f1c33d-da97-1661-b13f-5dd9c6354f34, command-id=01f1c33d-dae3-116c-82ae-017aac120e21) - Closing
[0m12:29:58.406865 [debug] [ThreadPool]: On list_dbt_dev_dbt_osalami_staging: Close
[0m12:29:58.407567 [debug] [ThreadPool]: Databricks adapter: Connection(session-id=01f1c33d-da97-1661-b13f-5dd9c6354f34) - Closing
[0m12:29:58.526101 [debug] [ThreadPool]: On list_dbt_dev_dbt_osalami_seeds: Close
[0m12:29:58.530444 [debug] [ThreadPool]: Databricks adapter: Connection(session-id=01f1c33d-da97-197b-b290-5cd3b40848b5) - Closing
[0m12:29:58.659487 [debug] [ThreadPool]: On list_dbt_dev_dbt_osalami_marts: Close
[0m12:29:58.661263 [debug] [ThreadPool]: Databricks adapter: Connection(session-id=01f1c33d-da9b-1c5c-9c60-d4b63313b923) - Closing
[0m12:29:58.783561 [debug] [MainThread]: Sending event: {'category': 'dbt', 'action': 'runnable_timing', 'label': '2b8c49a3-e0fd-4b5b-9b2e-15bf4e99c733', 'context': [<snowplow_tracker.self_describing_json.SelfDescribingJson object at 0x12941e3f0>]}
[0m12:29:58.799597 [debug] [Thread-2 (]: Began running node sql_operation.ppg.inline_query
[0m12:29:58.800353 [debug] [Thread-2 (]: Databricks adapter: DatabricksDBTConnection(session-id=None, name=sql_operation.ppg.inline_query) - Creating connection
[0m12:29:58.800689 [debug] [Thread-2 (]: Acquiring new databricks connection 'sql_operation.ppg.inline_query'
[0m12:29:58.801155 [debug] [Thread-2 (]: Began compiling node sql_operation.ppg.inline_query
[0m12:29:58.808992 [debug] [Thread-2 (]: Writing injected SQL for node "sql_operation.ppg.inline_query"
[0m12:29:58.810999 [debug] [Thread-2 (]: Began executing node sql_operation.ppg.inline_query
[0m12:29:58.817464 [debug] [Thread-2 (]: Using databricks connection "sql_operation.ppg.inline_query"
[0m12:29:58.817870 [debug] [Thread-2 (]: On sql_operation.ppg.inline_query: /* {"app": "dbt", "dbt_version": "1.11.12", "dbt_databricks_version": "1.12.2", "databricks_sql_connector_version": "4.3.0", "profile_name": "ppg", "target_name": "dev", "invocation_id": "2b8c49a3-e0fd-4b5b-9b2e-15bf4e99c733", "node_id": "sql_operation.ppg.inline_query"} */

  
  describe table `prod_execution_metrics_marketplace`.`metrics359`.`rpt_fct_mk_cnt_cmpnt_po_all`
  
  limit 200

[0m12:29:58.818150 [debug] [Thread-2 (]: Opening a new connection, currently in state init
[0m12:29:59.108378 [debug] [Thread-2 (]: Databricks adapter: Connection(session-id=01f1c33d-e2c7-1719-9887-b48306a6c77d) - Created
[0m12:30:03.528005 [debug] [Thread-2 (]: SQL status: OK in 4.710 seconds
[0m12:30:03.534892 [debug] [Thread-2 (]: Databricks adapter: Cursor(session-id=01f1c33d-e2c7-1719-9887-b48306a6c77d, command-id=01f1c33d-e2d8-14f0-bf4e-1f3ed214088e) - Closing
[0m12:30:03.538986 [debug] [Thread-2 (]: On sql_operation.ppg.inline_query: Close
[0m12:30:03.539610 [debug] [Thread-2 (]: Databricks adapter: Connection(session-id=01f1c33d-e2c7-1719-9887-b48306a6c77d) - Closing
[0m12:30:03.653220 [debug] [Thread-2 (]: Finished running node sql_operation.ppg.inline_query
[0m12:30:03.656534 [debug] [MainThread]: Command end result
[0m12:30:03.719464 [debug] [MainThread]: Wrote artifact WritableManifest to /Users/olawalesalami/PROJECTS/dbt/dbt_databricks/target/manifest.json
[0m12:30:03.722301 [debug] [MainThread]: Wrote artifact SemanticManifest to /Users/olawalesalami/PROJECTS/dbt/dbt_databricks/target/semantic_manifest.json
[0m12:30:03.726845 [debug] [MainThread]: Wrote artifact RunExecutionResult to /Users/olawalesalami/PROJECTS/dbt/dbt_databricks/target/run_results.json
[0m12:30:03.727263 [info ] [MainThread]: Previewing inline node:
| col_name             | data_type | comment | metadata |
| -------------------- | --------- | ------- | -------- |
| po_client_id         | string    |         |          |
| dt_key               | string    |         |          |
| dim_po_status_sk     | int       |         |          |
| last_updated_time... | timestamp |         |          |

[0m12:30:03.751257 [debug] [MainThread]: Resource report: {"command_name": "show", "command_success": true, "command_wall_clock_time": 22.9883, "process_in_blocks": "0", "process_kernel_time": 0.614714, "process_mem_max_rss": "268795904", "process_out_blocks": "0", "process_user_time": 3.815753}
[0m12:30:03.751777 [debug] [MainThread]: Command `dbt show` succeeded at 12:30:03.751720 after 22.99 seconds
[0m12:30:03.752163 [debug] [MainThread]: Sending event: {'category': 'dbt', 'action': 'invocation', 'label': 'end', 'context': [<snowplow_tracker.self_describing_json.SelfDescribingJson object at 0x10bacc2f0>, <snowplow_tracker.self_describing_json.SelfDescribingJson object at 0x10c8d59a0>, <snowplow_tracker.self_describing_json.SelfDescribingJson object at 0x10cb929f0>]}
[0m12:30:03.752468 [debug] [MainThread]: Flushing usage events
[0m12:30:04.003490 [debug] [MainThread]: An error was encountered while trying to flush usage events
[0m12:30:11.375661 [debug] [MainThread]: Sending event: {'category': 'dbt', 'action': 'invocation', 'label': 'start', 'context': [<snowplow_tracker.self_describing_json.SelfDescribingJson object at 0x110134a70>, <snowplow_tracker.self_describing_json.SelfDescribingJson object at 0x107bd5700>, <snowplow_tracker.self_describing_json.SelfDescribingJson object at 0x110289400>]}


============================== 12:30:11.379033 | 4d9ab500-2d02-43ff-bc5a-306e3132c202 ==============================
[0m12:30:11.379033 [info ] [MainThread]: Running with dbt=1.11.12
[0m12:30:11.379408 [debug] [MainThread]: running dbt with arguments {'use_colors': 'True', 'write_json': 'True', 'log_format': 'default', 'introspect': 'True', 'target_path': 'None', 'cache_selected_only': 'False', 'no_print': 'None', 'indirect_selection': 'eager', 'invocation_command': "dbt show --inline \nwith t as (select * from {{ source('metrics_marketplace', 'rpt_fct_mk_cnt_cmpnt_po_all') }})\nselect dt_key, count(*) as n_rows, count(last_updated_timestamp) as n_ts,\n       min(last_updated_timestamp) as min_ts, max(last_updated_timestamp) as max_ts\nfrom t group by dt_key order by dt_key desc --limit 15", 'log_path': '/Users/olawalesalami/PROJECTS/dbt/dbt_databricks/logs', 'warn_error': 'None', 'debug': 'False', 'empty': 'None', 'quiet': 'False', 'log_cache_events': 'False', 'static_parser': 'True', 'printer_width': '80', 'warn_error_options': 'WarnErrorOptionsV2(error=[], warn=[], silence=[])', 'send_anonymous_usage_stats': 'True', 'use_experimental_parser': 'False', 'fail_fast': 'False', 'partial_parse': 'True', 'version_check': 'True', 'profiles_dir': '/Users/olawalesalami/.dbt'}
[0m12:30:11.926903 [debug] [MainThread]: Spark adapter: Setting pyhive.hive logging to ERROR
[0m12:30:11.927263 [debug] [MainThread]: Spark adapter: Setting thrift.transport logging to ERROR
[0m12:30:11.927453 [debug] [MainThread]: Spark adapter: Setting thrift.protocol logging to ERROR
[0m12:30:12.531283 [debug] [MainThread]: Sending event: {'category': 'dbt', 'action': 'project_id', 'label': '4d9ab500-2d02-43ff-bc5a-306e3132c202', 'context': [<snowplow_tracker.self_describing_json.SelfDescribingJson object at 0x122be3620>]}
[0m12:30:12.562457 [debug] [MainThread]: Sending event: {'category': 'dbt', 'action': 'adapter_info', 'label': '4d9ab500-2d02-43ff-bc5a-306e3132c202', 'context': [<snowplow_tracker.self_describing_json.SelfDescribingJson object at 0x117bac3e0>]}
[0m12:30:12.570357 [info ] [MainThread]: Registered adapter: databricks=1.12.2
[0m12:30:12.674183 [debug] [MainThread]: checksum: f368f5348cf42803b94ef7fb8257ecf3bf9a9a16dd9c8c51fe5172f2dbeb457f, vars: {}, profile: , target: , version: 1.11.12
[0m12:30:12.843655 [debug] [MainThread]: Partial parsing enabled: 0 files deleted, 0 files added, 0 files changed.
[0m12:30:12.843997 [debug] [MainThread]: Nothing changed, skipping partial parsing.
[0m12:30:12.844162 [debug] [MainThread]: Partial parsing enabled, no changes found, skipping parsing
[0m12:30:12.882616 [debug] [MainThread]: Sending event: {'category': 'dbt', 'action': 'load_project', 'label': '4d9ab500-2d02-43ff-bc5a-306e3132c202', 'context': [<snowplow_tracker.self_describing_json.SelfDescribingJson object at 0x12316ff20>]}
[0m12:30:12.968979 [debug] [MainThread]: Wrote artifact WritableManifest to /Users/olawalesalami/PROJECTS/dbt/dbt_databricks/target/manifest.json
[0m12:30:12.970527 [debug] [MainThread]: Wrote artifact SemanticManifest to /Users/olawalesalami/PROJECTS/dbt/dbt_databricks/target/semantic_manifest.json
[0m12:30:13.040536 [debug] [MainThread]: Sending event: {'category': 'dbt', 'action': 'resource_counts', 'label': '4d9ab500-2d02-43ff-bc5a-306e3132c202', 'context': [<snowplow_tracker.self_describing_json.SelfDescribingJson object at 0x1233b6ab0>]}
[0m12:30:13.040887 [info ] [MainThread]: Found 34 models, 1 analysis, 72 data tests, 1 seed, 1 sql operation, 14 sources, 920 macros
[0m12:30:13.041096 [debug] [MainThread]: Sending event: {'category': 'dbt', 'action': 'runnable_timing', 'label': '4d9ab500-2d02-43ff-bc5a-306e3132c202', 'context': [<snowplow_tracker.self_describing_json.SelfDescribingJson object at 0x106ad7560>]}
[0m12:30:13.042744 [info ] [MainThread]: 
[0m12:30:13.042958 [info ] [MainThread]: Concurrency: 4 threads (target='dev')
[0m12:30:13.043122 [info ] [MainThread]: 
[0m12:30:13.043416 [debug] [MainThread]: Databricks adapter: DatabricksDBTConnection(session-id=None, name=master) - Creating connection
[0m12:30:13.043647 [debug] [MainThread]: Acquiring new databricks connection 'master'
[0m12:30:13.047503 [debug] [ThreadPool]: Databricks adapter: DatabricksDBTConnection(session-id=None, name=list_dbt_dev_dbt_osalami_staging) - Creating connection
[0m12:30:13.047839 [debug] [ThreadPool]: Databricks adapter: DatabricksDBTConnection(session-id=None, name=list_dbt_dev_dbt_osalami_marts) - Creating connection
[0m12:30:13.048031 [debug] [ThreadPool]: Acquiring new databricks connection 'list_dbt_dev_dbt_osalami_staging'
[0m12:30:13.048352 [debug] [ThreadPool]: Databricks adapter: DatabricksDBTConnection(session-id=None, name=list_dbt_dev_dbt_osalami_seeds) - Creating connection
[0m12:30:13.048576 [debug] [ThreadPool]: Acquiring new databricks connection 'list_dbt_dev_dbt_osalami_marts'
[0m12:30:13.054896 [debug] [ThreadPool]: Using databricks connection "list_dbt_dev_dbt_osalami_staging"
[0m12:30:13.055161 [debug] [ThreadPool]: Acquiring new databricks connection 'list_dbt_dev_dbt_osalami_seeds'
[0m12:30:13.056529 [debug] [ThreadPool]: Using databricks connection "list_dbt_dev_dbt_osalami_marts"
[0m12:30:13.056794 [debug] [ThreadPool]: On list_dbt_dev_dbt_osalami_staging: /* {"app": "dbt", "dbt_version": "1.11.12", "dbt_databricks_version": "1.12.2", "databricks_sql_connector_version": "4.3.0", "profile_name": "ppg", "target_name": "dev", "invocation_id": "4d9ab500-2d02-43ff-bc5a-306e3132c202", "connection_name": "list_dbt_dev_dbt_osalami_staging"} */

    
SELECT
  table_name,
  if(table_type IN ('EXTERNAL', 'MANAGED', 'MANAGED_SHALLOW_CLONE', 'EXTERNAL_SHALLOW_CLONE'), 'table', lower(table_type)) AS table_type,
  lower(data_source_format) AS file_format,
  table_owner,
  if(
    table_type IN (
      'EXTERNAL',
      'MANAGED',
      'MANAGED_SHALLOW_CLONE',
      'EXTERNAL_SHALLOW_CLONE'
    ),
    lower(table_type),
    NULL
  ) AS databricks_table_type
FROM `system`.`information_schema`.`tables`
WHERE table_catalog = 'dbt_dev'
  AND table_schema = 'dbt_osalami_staging'

  
[0m12:30:13.058171 [debug] [ThreadPool]: Using databricks connection "list_dbt_dev_dbt_osalami_seeds"
[0m12:30:13.058415 [debug] [ThreadPool]: On list_dbt_dev_dbt_osalami_marts: /* {"app": "dbt", "dbt_version": "1.11.12", "dbt_databricks_version": "1.12.2", "databricks_sql_connector_version": "4.3.0", "profile_name": "ppg", "target_name": "dev", "invocation_id": "4d9ab500-2d02-43ff-bc5a-306e3132c202", "connection_name": "list_dbt_dev_dbt_osalami_marts"} */

    
SELECT
  table_name,
  if(table_type IN ('EXTERNAL', 'MANAGED', 'MANAGED_SHALLOW_CLONE', 'EXTERNAL_SHALLOW_CLONE'), 'table', lower(table_type)) AS table_type,
  lower(data_source_format) AS file_format,
  table_owner,
  if(
    table_type IN (
      'EXTERNAL',
      'MANAGED',
      'MANAGED_SHALLOW_CLONE',
      'EXTERNAL_SHALLOW_CLONE'
    ),
    lower(table_type),
    NULL
  ) AS databricks_table_type
FROM `system`.`information_schema`.`tables`
WHERE table_catalog = 'dbt_dev'
  AND table_schema = 'dbt_osalami_marts'

  
[0m12:30:13.058618 [debug] [ThreadPool]: Opening a new connection, currently in state init
[0m12:30:13.058809 [debug] [ThreadPool]: On list_dbt_dev_dbt_osalami_seeds: /* {"app": "dbt", "dbt_version": "1.11.12", "dbt_databricks_version": "1.12.2", "databricks_sql_connector_version": "4.3.0", "profile_name": "ppg", "target_name": "dev", "invocation_id": "4d9ab500-2d02-43ff-bc5a-306e3132c202", "connection_name": "list_dbt_dev_dbt_osalami_seeds"} */

    
SELECT
  table_name,
  if(table_type IN ('EXTERNAL', 'MANAGED', 'MANAGED_SHALLOW_CLONE', 'EXTERNAL_SHALLOW_CLONE'), 'table', lower(table_type)) AS table_type,
  lower(data_source_format) AS file_format,
  table_owner,
  if(
    table_type IN (
      'EXTERNAL',
      'MANAGED',
      'MANAGED_SHALLOW_CLONE',
      'EXTERNAL_SHALLOW_CLONE'
    ),
    lower(table_type),
    NULL
  ) AS databricks_table_type
FROM `system`.`information_schema`.`tables`
WHERE table_catalog = 'dbt_dev'
  AND table_schema = 'dbt_osalami_seeds'

  
[0m12:30:13.058981 [debug] [ThreadPool]: Opening a new connection, currently in state init
[0m12:30:13.059233 [debug] [ThreadPool]: Opening a new connection, currently in state init
[0m12:30:14.067755 [debug] [ThreadPool]: Databricks adapter: Connection(session-id=01f1c33d-eb8f-17bc-8b29-226214b68dd0) - Created
[0m12:30:14.068240 [debug] [ThreadPool]: Databricks adapter: Connection(session-id=01f1c33d-eb95-105d-8941-c1923be9129e) - Created
[0m12:30:14.068589 [debug] [ThreadPool]: Databricks adapter: Connection(session-id=01f1c33d-eb96-1433-9327-f6f40343871b) - Created
[0m12:30:15.028263 [debug] [ThreadPool]: SQL status: OK in 1.970 seconds
[0m12:30:15.038484 [debug] [ThreadPool]: Databricks adapter: Cursor(session-id=01f1c33d-eb8f-17bc-8b29-226214b68dd0, command-id=01f1c33d-ebc3-1ebe-9dfc-6fb62f669e1a) - Closing
[0m12:30:15.039747 [debug] [ThreadPool]: On list_dbt_dev_dbt_osalami_marts: Close
[0m12:30:15.040176 [debug] [ThreadPool]: Databricks adapter: Connection(session-id=01f1c33d-eb8f-17bc-8b29-226214b68dd0) - Closing
[0m12:30:15.053454 [debug] [ThreadPool]: SQL status: OK in 1.990 seconds
[0m12:30:15.056611 [debug] [ThreadPool]: Databricks adapter: Cursor(session-id=01f1c33d-eb95-105d-8941-c1923be9129e, command-id=01f1c33d-ebc3-1fd5-ba60-4f2be7d1e96b) - Closing
[0m12:30:15.083746 [debug] [ThreadPool]: SQL status: OK in 2.020 seconds
[0m12:30:15.085475 [debug] [ThreadPool]: Databricks adapter: Cursor(session-id=01f1c33d-eb96-1433-9327-f6f40343871b, command-id=01f1c33d-ebc3-1076-adf0-dc573b53e748) - Closing
[0m12:30:15.158601 [debug] [ThreadPool]: On list_dbt_dev_dbt_osalami_staging: Close
[0m12:30:15.159665 [debug] [ThreadPool]: Databricks adapter: Connection(session-id=01f1c33d-eb95-105d-8941-c1923be9129e) - Closing
[0m12:30:15.274482 [debug] [ThreadPool]: On list_dbt_dev_dbt_osalami_seeds: Close
[0m12:30:15.276999 [debug] [ThreadPool]: Databricks adapter: Connection(session-id=01f1c33d-eb96-1433-9327-f6f40343871b) - Closing
[0m12:30:15.402288 [debug] [MainThread]: Sending event: {'category': 'dbt', 'action': 'runnable_timing', 'label': '4d9ab500-2d02-43ff-bc5a-306e3132c202', 'context': [<snowplow_tracker.self_describing_json.SelfDescribingJson object at 0x104e653a0>]}
[0m12:30:15.405907 [debug] [Thread-2 (]: Began running node sql_operation.ppg.inline_query
[0m12:30:15.406486 [debug] [Thread-2 (]: Databricks adapter: DatabricksDBTConnection(session-id=None, name=sql_operation.ppg.inline_query) - Creating connection
[0m12:30:15.406834 [debug] [Thread-2 (]: Acquiring new databricks connection 'sql_operation.ppg.inline_query'
[0m12:30:15.407163 [debug] [Thread-2 (]: Began compiling node sql_operation.ppg.inline_query
[0m12:30:15.419237 [debug] [Thread-2 (]: Writing injected SQL for node "sql_operation.ppg.inline_query"
[0m12:30:15.420002 [debug] [Thread-2 (]: Began executing node sql_operation.ppg.inline_query
[0m12:30:15.426034 [debug] [Thread-2 (]: Using databricks connection "sql_operation.ppg.inline_query"
[0m12:30:15.426466 [debug] [Thread-2 (]: On sql_operation.ppg.inline_query: /* {"app": "dbt", "dbt_version": "1.11.12", "dbt_databricks_version": "1.12.2", "databricks_sql_connector_version": "4.3.0", "profile_name": "ppg", "target_name": "dev", "invocation_id": "4d9ab500-2d02-43ff-bc5a-306e3132c202", "node_id": "sql_operation.ppg.inline_query"} */

  
  
with t as (select * from `prod_execution_metrics_marketplace`.`metrics359`.`rpt_fct_mk_cnt_cmpnt_po_all`)
select dt_key, count(*) as n_rows, count(last_updated_timestamp) as n_ts,
       min(last_updated_timestamp) as min_ts, max(last_updated_timestamp) as max_ts
from t group by dt_key order by dt_key desc
  
  limit 15

[0m12:30:15.426753 [debug] [Thread-2 (]: Opening a new connection, currently in state init
[0m12:30:15.710300 [debug] [Thread-2 (]: Databricks adapter: Connection(session-id=01f1c33d-ecae-12a0-89d4-4a5a35d4661e) - Created
[0m12:30:23.273432 [debug] [Thread-2 (]: SQL status: OK in 7.850 seconds
[0m12:30:23.280449 [debug] [Thread-2 (]: Databricks adapter: Cursor(session-id=01f1c33d-ecae-12a0-89d4-4a5a35d4661e, command-id=01f1c33d-ecbd-19c9-ad73-a287f55d41a8) - Closing
[0m12:30:23.440807 [debug] [Thread-2 (]: On sql_operation.ppg.inline_query: Close
[0m12:30:23.441427 [debug] [Thread-2 (]: Databricks adapter: Connection(session-id=01f1c33d-ecae-12a0-89d4-4a5a35d4661e) - Closing
[0m12:30:23.555643 [debug] [Thread-2 (]: Finished running node sql_operation.ppg.inline_query
[0m12:30:23.557687 [debug] [MainThread]: Command end result
[0m12:30:23.607979 [debug] [MainThread]: Wrote artifact WritableManifest to /Users/olawalesalami/PROJECTS/dbt/dbt_databricks/target/manifest.json
[0m12:30:23.609791 [debug] [MainThread]: Wrote artifact SemanticManifest to /Users/olawalesalami/PROJECTS/dbt/dbt_databricks/target/semantic_manifest.json
[0m12:30:23.613458 [debug] [MainThread]: Wrote artifact RunExecutionResult to /Users/olawalesalami/PROJECTS/dbt/dbt_databricks/target/run_results.json
[0m12:30:23.613797 [info ] [MainThread]: Previewing inline node:
| dt_key   | n_rows | n_ts | min_ts | max_ts |
| -------- | ------ | ---- | ------ | ------ |
| 20260930 |     11 |    0 |        |        |
| 20260731 |     11 |    0 |        |        |
| 20260630 |     11 |    0 |        |        |
| 20260531 |     11 |    0 |        |        |
| 20260430 |     11 |    0 |        |        |
| 20260331 |     11 |    0 |        |        |
| 20260228 |     11 |    0 |        |        |

[0m12:30:23.617528 [debug] [MainThread]: Resource report: {"command_name": "show", "command_success": true, "command_wall_clock_time": 12.2834215, "process_in_blocks": "0", "process_kernel_time": 0.442006, "process_mem_max_rss": "269090816", "process_out_blocks": "0", "process_user_time": 2.406374}
[0m12:30:23.617933 [debug] [MainThread]: Command `dbt show` succeeded at 12:30:23.617882 after 12.28 seconds
[0m12:30:23.618194 [debug] [MainThread]: Sending event: {'category': 'dbt', 'action': 'invocation', 'label': 'end', 'context': [<snowplow_tracker.self_describing_json.SelfDescribingJson object at 0x107d57d10>, <snowplow_tracker.self_describing_json.SelfDescribingJson object at 0x1101934d0>, <snowplow_tracker.self_describing_json.SelfDescribingJson object at 0x110277b90>]}
[0m12:30:23.618437 [debug] [MainThread]: Flushing usage events
[0m12:30:23.824025 [debug] [MainThread]: An error was encountered while trying to flush usage events
[0m12:30:25.267004 [debug] [MainThread]: Sending event: {'category': 'dbt', 'action': 'invocation', 'label': 'start', 'context': [<snowplow_tracker.self_describing_json.SelfDescribingJson object at 0x113a50cb0>, <snowplow_tracker.self_describing_json.SelfDescribingJson object at 0x113f31700>, <snowplow_tracker.self_describing_json.SelfDescribingJson object at 0x114177b30>]}


============================== 12:30:25.270207 | 0b8633ff-2575-43e3-9dde-6efcdb04e05d ==============================
[0m12:30:25.270207 [info ] [MainThread]: Running with dbt=1.11.12
[0m12:30:25.270552 [debug] [MainThread]: running dbt with arguments {'target_path': 'None', 'partial_parse': 'True', 'log_format': 'default', 'static_parser': 'True', 'send_anonymous_usage_stats': 'True', 'quiet': 'False', 'use_colors': 'True', 'log_cache_events': 'False', 'profiles_dir': '/Users/olawalesalami/.dbt', 'fail_fast': 'False', 'warn_error': 'None', 'debug': 'False', 'log_path': '/Users/olawalesalami/PROJECTS/dbt/dbt_databricks/logs', 'indirect_selection': 'eager', 'empty': 'None', 'version_check': 'True', 'no_print': 'None', 'warn_error_options': 'WarnErrorOptionsV2(error=[], warn=[], silence=[])', 'printer_width': '80', 'introspect': 'True', 'write_json': 'True', 'use_experimental_parser': 'False', 'cache_selected_only': 'False', 'invocation_command': "dbt show --inline \nselect timestamp, operation from (describe history {{ source('metrics_marketplace', 'rpt_fct_mk_cnt_cmpnt_po_all') }})\norder by timestamp desc --limit 15"}
[0m12:30:25.810618 [debug] [MainThread]: Spark adapter: Setting pyhive.hive logging to ERROR
[0m12:30:25.810953 [debug] [MainThread]: Spark adapter: Setting thrift.transport logging to ERROR
[0m12:30:25.811137 [debug] [MainThread]: Spark adapter: Setting thrift.protocol logging to ERROR
[0m12:30:26.399056 [debug] [MainThread]: Sending event: {'category': 'dbt', 'action': 'project_id', 'label': '0b8633ff-2575-43e3-9dde-6efcdb04e05d', 'context': [<snowplow_tracker.self_describing_json.SelfDescribingJson object at 0x120bb6270>]}
[0m12:30:26.429870 [debug] [MainThread]: Sending event: {'category': 'dbt', 'action': 'adapter_info', 'label': '0b8633ff-2575-43e3-9dde-6efcdb04e05d', 'context': [<snowplow_tracker.self_describing_json.SelfDescribingJson object at 0x120be71d0>]}
[0m12:30:26.436458 [info ] [MainThread]: Registered adapter: databricks=1.12.2
[0m12:30:26.534247 [debug] [MainThread]: checksum: f368f5348cf42803b94ef7fb8257ecf3bf9a9a16dd9c8c51fe5172f2dbeb457f, vars: {}, profile: , target: , version: 1.11.12
[0m12:30:26.702527 [debug] [MainThread]: Partial parsing enabled: 0 files deleted, 0 files added, 0 files changed.
[0m12:30:26.702896 [debug] [MainThread]: Nothing changed, skipping partial parsing.
[0m12:30:26.703087 [debug] [MainThread]: Partial parsing enabled, no changes found, skipping parsing
[0m12:30:26.740860 [debug] [MainThread]: Sending event: {'category': 'dbt', 'action': 'load_project', 'label': '0b8633ff-2575-43e3-9dde-6efcdb04e05d', 'context': [<snowplow_tracker.self_describing_json.SelfDescribingJson object at 0x12746e0f0>]}
[0m12:30:26.822726 [debug] [MainThread]: Wrote artifact WritableManifest to /Users/olawalesalami/PROJECTS/dbt/dbt_databricks/target/manifest.json
[0m12:30:26.824450 [debug] [MainThread]: Wrote artifact SemanticManifest to /Users/olawalesalami/PROJECTS/dbt/dbt_databricks/target/semantic_manifest.json
[0m12:30:26.895564 [debug] [MainThread]: Sending event: {'category': 'dbt', 'action': 'resource_counts', 'label': '0b8633ff-2575-43e3-9dde-6efcdb04e05d', 'context': [<snowplow_tracker.self_describing_json.SelfDescribingJson object at 0x1276b4860>]}
[0m12:30:26.895933 [info ] [MainThread]: Found 34 models, 1 analysis, 72 data tests, 1 seed, 1 sql operation, 14 sources, 920 macros
[0m12:30:26.896145 [debug] [MainThread]: Sending event: {'category': 'dbt', 'action': 'runnable_timing', 'label': '0b8633ff-2575-43e3-9dde-6efcdb04e05d', 'context': [<snowplow_tracker.self_describing_json.SelfDescribingJson object at 0x126df8f50>]}
[0m12:30:26.897812 [info ] [MainThread]: 
[0m12:30:26.898024 [info ] [MainThread]: Concurrency: 4 threads (target='dev')
[0m12:30:26.898192 [info ] [MainThread]: 
[0m12:30:26.898487 [debug] [MainThread]: Databricks adapter: DatabricksDBTConnection(session-id=None, name=master) - Creating connection
[0m12:30:26.898657 [debug] [MainThread]: Acquiring new databricks connection 'master'
[0m12:30:26.902476 [debug] [ThreadPool]: Databricks adapter: DatabricksDBTConnection(session-id=None, name=list_dbt_dev_dbt_osalami_marts) - Creating connection
[0m12:30:26.902881 [debug] [ThreadPool]: Databricks adapter: DatabricksDBTConnection(session-id=None, name=list_dbt_dev_dbt_osalami_seeds) - Creating connection
[0m12:30:26.903086 [debug] [ThreadPool]: Acquiring new databricks connection 'list_dbt_dev_dbt_osalami_marts'
[0m12:30:26.903356 [debug] [ThreadPool]: Databricks adapter: DatabricksDBTConnection(session-id=None, name=list_dbt_dev_dbt_osalami_staging) - Creating connection
[0m12:30:26.903544 [debug] [ThreadPool]: Acquiring new databricks connection 'list_dbt_dev_dbt_osalami_seeds'
[0m12:30:26.909431 [debug] [ThreadPool]: Using databricks connection "list_dbt_dev_dbt_osalami_marts"
[0m12:30:26.909668 [debug] [ThreadPool]: Acquiring new databricks connection 'list_dbt_dev_dbt_osalami_staging'
[0m12:30:26.910978 [debug] [ThreadPool]: Using databricks connection "list_dbt_dev_dbt_osalami_seeds"
[0m12:30:26.911200 [debug] [ThreadPool]: On list_dbt_dev_dbt_osalami_marts: /* {"app": "dbt", "dbt_version": "1.11.12", "dbt_databricks_version": "1.12.2", "databricks_sql_connector_version": "4.3.0", "profile_name": "ppg", "target_name": "dev", "invocation_id": "0b8633ff-2575-43e3-9dde-6efcdb04e05d", "connection_name": "list_dbt_dev_dbt_osalami_marts"} */

    
SELECT
  table_name,
  if(table_type IN ('EXTERNAL', 'MANAGED', 'MANAGED_SHALLOW_CLONE', 'EXTERNAL_SHALLOW_CLONE'), 'table', lower(table_type)) AS table_type,
  lower(data_source_format) AS file_format,
  table_owner,
  if(
    table_type IN (
      'EXTERNAL',
      'MANAGED',
      'MANAGED_SHALLOW_CLONE',
      'EXTERNAL_SHALLOW_CLONE'
    ),
    lower(table_type),
    NULL
  ) AS databricks_table_type
FROM `system`.`information_schema`.`tables`
WHERE table_catalog = 'dbt_dev'
  AND table_schema = 'dbt_osalami_marts'

  
[0m12:30:26.912438 [debug] [ThreadPool]: Using databricks connection "list_dbt_dev_dbt_osalami_staging"
[0m12:30:26.912648 [debug] [ThreadPool]: On list_dbt_dev_dbt_osalami_seeds: /* {"app": "dbt", "dbt_version": "1.11.12", "dbt_databricks_version": "1.12.2", "databricks_sql_connector_version": "4.3.0", "profile_name": "ppg", "target_name": "dev", "invocation_id": "0b8633ff-2575-43e3-9dde-6efcdb04e05d", "connection_name": "list_dbt_dev_dbt_osalami_seeds"} */

    
SELECT
  table_name,
  if(table_type IN ('EXTERNAL', 'MANAGED', 'MANAGED_SHALLOW_CLONE', 'EXTERNAL_SHALLOW_CLONE'), 'table', lower(table_type)) AS table_type,
  lower(data_source_format) AS file_format,
  table_owner,
  if(
    table_type IN (
      'EXTERNAL',
      'MANAGED',
      'MANAGED_SHALLOW_CLONE',
      'EXTERNAL_SHALLOW_CLONE'
    ),
    lower(table_type),
    NULL
  ) AS databricks_table_type
FROM `system`.`information_schema`.`tables`
WHERE table_catalog = 'dbt_dev'
  AND table_schema = 'dbt_osalami_seeds'

  
[0m12:30:26.912871 [debug] [ThreadPool]: Opening a new connection, currently in state init
[0m12:30:26.913085 [debug] [ThreadPool]: On list_dbt_dev_dbt_osalami_staging: /* {"app": "dbt", "dbt_version": "1.11.12", "dbt_databricks_version": "1.12.2", "databricks_sql_connector_version": "4.3.0", "profile_name": "ppg", "target_name": "dev", "invocation_id": "0b8633ff-2575-43e3-9dde-6efcdb04e05d", "connection_name": "list_dbt_dev_dbt_osalami_staging"} */

    
SELECT
  table_name,
  if(table_type IN ('EXTERNAL', 'MANAGED', 'MANAGED_SHALLOW_CLONE', 'EXTERNAL_SHALLOW_CLONE'), 'table', lower(table_type)) AS table_type,
  lower(data_source_format) AS file_format,
  table_owner,
  if(
    table_type IN (
      'EXTERNAL',
      'MANAGED',
      'MANAGED_SHALLOW_CLONE',
      'EXTERNAL_SHALLOW_CLONE'
    ),
    lower(table_type),
    NULL
  ) AS databricks_table_type
FROM `system`.`information_schema`.`tables`
WHERE table_catalog = 'dbt_dev'
  AND table_schema = 'dbt_osalami_staging'

  
[0m12:30:26.913278 [debug] [ThreadPool]: Opening a new connection, currently in state init
[0m12:30:26.913570 [debug] [ThreadPool]: Opening a new connection, currently in state init
[0m12:30:27.976193 [debug] [ThreadPool]: Databricks adapter: Connection(session-id=01f1c33d-f3dc-1428-8db6-692308a36fd9) - Created
[0m12:30:27.976944 [debug] [ThreadPool]: Databricks adapter: Connection(session-id=01f1c33d-f3dc-1d97-b992-364c9ddbae49) - Created
[0m12:30:27.977256 [debug] [ThreadPool]: Databricks adapter: Connection(session-id=01f1c33d-f3de-1f4d-b491-bfe1d9b52726) - Created
[0m12:30:28.614932 [debug] [ThreadPool]: SQL status: OK in 1.700 seconds
[0m12:30:28.622092 [debug] [ThreadPool]: Databricks adapter: Cursor(session-id=01f1c33d-f3dc-1428-8db6-692308a36fd9, command-id=01f1c33d-f40d-1269-9e89-da4d464d4d28) - Closing
[0m12:30:28.623008 [debug] [ThreadPool]: On list_dbt_dev_dbt_osalami_marts: Close
[0m12:30:28.623436 [debug] [ThreadPool]: Databricks adapter: Connection(session-id=01f1c33d-f3dc-1428-8db6-692308a36fd9) - Closing
[0m12:30:28.695624 [debug] [ThreadPool]: SQL status: OK in 1.780 seconds
[0m12:30:28.699880 [debug] [ThreadPool]: Databricks adapter: Cursor(session-id=01f1c33d-f3de-1f4d-b491-bfe1d9b52726, command-id=01f1c33d-f40d-1088-b838-d28fd8a27da1) - Closing
[0m12:30:28.735434 [debug] [ThreadPool]: On list_dbt_dev_dbt_osalami_staging: Close
[0m12:30:28.736845 [debug] [ThreadPool]: Databricks adapter: Connection(session-id=01f1c33d-f3de-1f4d-b491-bfe1d9b52726) - Closing
[0m12:30:28.836357 [debug] [ThreadPool]: SQL status: OK in 1.920 seconds
[0m12:30:28.837673 [debug] [ThreadPool]: Databricks adapter: Cursor(session-id=01f1c33d-f3dc-1d97-b992-364c9ddbae49, command-id=01f1c33d-f40d-1388-9577-b4d018efc3c4) - Closing
[0m12:30:28.838121 [debug] [ThreadPool]: On list_dbt_dev_dbt_osalami_seeds: Close
[0m12:30:28.838317 [debug] [ThreadPool]: Databricks adapter: Connection(session-id=01f1c33d-f3dc-1d97-b992-364c9ddbae49) - Closing
[0m12:30:28.945505 [debug] [MainThread]: Sending event: {'category': 'dbt', 'action': 'runnable_timing', 'label': '0b8633ff-2575-43e3-9dde-6efcdb04e05d', 'context': [<snowplow_tracker.self_describing_json.SelfDescribingJson object at 0x1273bdf40>]}
[0m12:30:28.948293 [debug] [Thread-2 (]: Began running node sql_operation.ppg.inline_query
[0m12:30:28.949034 [debug] [Thread-2 (]: Databricks adapter: DatabricksDBTConnection(session-id=None, name=sql_operation.ppg.inline_query) - Creating connection
[0m12:30:28.949481 [debug] [Thread-2 (]: Acquiring new databricks connection 'sql_operation.ppg.inline_query'
[0m12:30:28.949939 [debug] [Thread-2 (]: Began compiling node sql_operation.ppg.inline_query
[0m12:30:28.961658 [debug] [Thread-2 (]: Writing injected SQL for node "sql_operation.ppg.inline_query"
[0m12:30:28.962366 [debug] [Thread-2 (]: Began executing node sql_operation.ppg.inline_query
[0m12:30:28.966946 [debug] [Thread-2 (]: Using databricks connection "sql_operation.ppg.inline_query"
[0m12:30:28.967245 [debug] [Thread-2 (]: On sql_operation.ppg.inline_query: /* {"app": "dbt", "dbt_version": "1.11.12", "dbt_databricks_version": "1.12.2", "databricks_sql_connector_version": "4.3.0", "profile_name": "ppg", "target_name": "dev", "invocation_id": "0b8633ff-2575-43e3-9dde-6efcdb04e05d", "node_id": "sql_operation.ppg.inline_query"} */

  
  
select timestamp, operation from (describe history `prod_execution_metrics_marketplace`.`metrics359`.`rpt_fct_mk_cnt_cmpnt_po_all`)
order by timestamp desc
  
  limit 15

[0m12:30:28.967459 [debug] [Thread-2 (]: Opening a new connection, currently in state init
[0m12:30:29.245790 [debug] [Thread-2 (]: Databricks adapter: Connection(session-id=01f1c33d-f4be-1d0d-89e1-670fa71c0fa9) - Created
[0m12:30:32.763592 [debug] [Thread-2 (]: SQL status: OK in 3.800 seconds
[0m12:30:32.767902 [debug] [Thread-2 (]: Databricks adapter: Cursor(session-id=01f1c33d-f4be-1d0d-89e1-670fa71c0fa9, command-id=01f1c33d-f4ce-19b6-8191-d38a2b4a7530) - Closing
[0m12:30:32.769988 [debug] [Thread-2 (]: On sql_operation.ppg.inline_query: Close
[0m12:30:32.770537 [debug] [Thread-2 (]: Databricks adapter: Connection(session-id=01f1c33d-f4be-1d0d-89e1-670fa71c0fa9) - Closing
[0m12:30:32.886892 [debug] [Thread-2 (]: Finished running node sql_operation.ppg.inline_query
[0m12:30:32.889258 [debug] [MainThread]: Command end result
[0m12:30:32.945710 [debug] [MainThread]: Wrote artifact WritableManifest to /Users/olawalesalami/PROJECTS/dbt/dbt_databricks/target/manifest.json
[0m12:30:32.947341 [debug] [MainThread]: Wrote artifact SemanticManifest to /Users/olawalesalami/PROJECTS/dbt/dbt_databricks/target/semantic_manifest.json
[0m12:30:32.951117 [debug] [MainThread]: Wrote artifact RunExecutionResult to /Users/olawalesalami/PROJECTS/dbt/dbt_databricks/target/run_results.json
[0m12:30:32.951484 [info ] [MainThread]: Previewing inline node:
|            timestamp | operation            |
| -------------------- | -------------------- |
| 2026-10-08 15:32:... | ADD COLUMNS          |
| 2026-10-08 15:28:... | UPDATE               |
| 2026-10-08 15:24:... | UPDATE               |
| 2026-10-08 15:24:... | OPTIMIZE             |
| 2026-10-08 15:21:... | WRITE                |
| 2026-08-05 16:23:... | WRITE                |
| 2026-08-05 16:23:... | CREATE OR REPLACE... |
| 2026-08-02 23:44:... | WRITE                |
| 2026-08-02 23:44:... | CREATE OR REPLACE... |

[0m12:30:32.954667 [debug] [MainThread]: Resource report: {"command_name": "show", "command_success": true, "command_wall_clock_time": 7.72621, "process_in_blocks": "0", "process_kernel_time": 0.402899, "process_mem_max_rss": "274366464", "process_out_blocks": "0", "process_user_time": 2.450746}
[0m12:30:32.955042 [debug] [MainThread]: Command `dbt show` succeeded at 12:30:32.954990 after 7.73 seconds
[0m12:30:32.955298 [debug] [MainThread]: Sending event: {'category': 'dbt', 'action': 'invocation', 'label': 'end', 'context': [<snowplow_tracker.self_describing_json.SelfDescribingJson object at 0x1125599a0>, <snowplow_tracker.self_describing_json.SelfDescribingJson object at 0x111f6d8b0>, <snowplow_tracker.self_describing_json.SelfDescribingJson object at 0x111fd02c0>]}
[0m12:30:32.955525 [debug] [MainThread]: Flushing usage events
[0m12:30:33.168832 [debug] [MainThread]: An error was encountered while trying to flush usage events
[0m12:31:12.005874 [debug] [MainThread]: Sending event: {'category': 'dbt', 'action': 'invocation', 'label': 'start', 'context': [<snowplow_tracker.self_describing_json.SelfDescribingJson object at 0x10aca0740>, <snowplow_tracker.self_describing_json.SelfDescribingJson object at 0x10bd37050>, <snowplow_tracker.self_describing_json.SelfDescribingJson object at 0x10bd36c30>]}


============================== 12:31:12.009347 | e59dfe8d-90a5-444d-b075-0efb335e1684 ==============================
[0m12:31:12.009347 [info ] [MainThread]: Running with dbt=1.11.12
[0m12:31:12.009706 [debug] [MainThread]: running dbt with arguments {'invocation_command': 'dbt source freshness --select source:metrics_marketplace', 'send_anonymous_usage_stats': 'True', 'log_cache_events': 'False', 'no_print': 'None', 'version_check': 'True', 'log_path': '/Users/olawalesalami/PROJECTS/dbt/dbt_databricks/logs', 'static_parser': 'True', 'debug': 'False', 'target_path': 'None', 'printer_width': '80', 'empty': 'None', 'profiles_dir': '/Users/olawalesalami/.dbt', 'cache_selected_only': 'False', 'log_format': 'default', 'use_colors': 'True', 'warn_error': 'None', 'fail_fast': 'False', 'introspect': 'True', 'write_json': 'True', 'partial_parse': 'True', 'quiet': 'False', 'warn_error_options': 'WarnErrorOptionsV2(error=[], warn=[], silence=[])', 'use_experimental_parser': 'False', 'indirect_selection': 'eager'}
[0m12:31:12.576853 [debug] [MainThread]: Spark adapter: Setting pyhive.hive logging to ERROR
[0m12:31:12.577434 [debug] [MainThread]: Spark adapter: Setting thrift.transport logging to ERROR
[0m12:31:12.577630 [debug] [MainThread]: Spark adapter: Setting thrift.protocol logging to ERROR
[0m12:31:13.381396 [debug] [MainThread]: Sending event: {'category': 'dbt', 'action': 'project_id', 'label': 'e59dfe8d-90a5-444d-b075-0efb335e1684', 'context': [<snowplow_tracker.self_describing_json.SelfDescribingJson object at 0x11ee9e270>]}
[0m12:31:13.414594 [debug] [MainThread]: Sending event: {'category': 'dbt', 'action': 'adapter_info', 'label': 'e59dfe8d-90a5-444d-b075-0efb335e1684', 'context': [<snowplow_tracker.self_describing_json.SelfDescribingJson object at 0x10bc89670>]}
[0m12:31:13.415138 [info ] [MainThread]: Registered adapter: databricks=1.12.2
[0m12:31:13.517875 [debug] [MainThread]: checksum: f368f5348cf42803b94ef7fb8257ecf3bf9a9a16dd9c8c51fe5172f2dbeb457f, vars: {}, profile: , target: , version: 1.11.12
[0m12:31:13.703870 [debug] [MainThread]: Partial parsing enabled: 0 files deleted, 0 files added, 1 files changed.
[0m12:31:13.704614 [debug] [MainThread]: Partial parsing: updated file: ppg://models/marts/ppg_metrics_monthly.sql
[0m12:31:13.705081 [debug] [MainThread]: Partial parsing: updated file: ppg://models/staging/_pdm__sources.yml
[0m12:31:14.065301 [debug] [MainThread]: Sending event: {'category': 'dbt', 'action': 'load_project', 'label': 'e59dfe8d-90a5-444d-b075-0efb335e1684', 'context': [<snowplow_tracker.self_describing_json.SelfDescribingJson object at 0x11ffc6f00>]}
[0m12:31:14.147768 [debug] [MainThread]: Wrote artifact WritableManifest to /Users/olawalesalami/PROJECTS/dbt/dbt_databricks/target/manifest.json
[0m12:31:14.149638 [debug] [MainThread]: Wrote artifact SemanticManifest to /Users/olawalesalami/PROJECTS/dbt/dbt_databricks/target/semantic_manifest.json
[0m12:31:14.164238 [debug] [MainThread]: Sending event: {'category': 'dbt', 'action': 'resource_counts', 'label': 'e59dfe8d-90a5-444d-b075-0efb335e1684', 'context': [<snowplow_tracker.self_describing_json.SelfDescribingJson object at 0x1202137a0>]}
[0m12:31:14.164589 [info ] [MainThread]: Found 34 models, 1 analysis, 72 data tests, 1 seed, 14 sources, 920 macros
[0m12:31:14.164798 [debug] [MainThread]: Sending event: {'category': 'dbt', 'action': 'runnable_timing', 'label': 'e59dfe8d-90a5-444d-b075-0efb335e1684', 'context': [<snowplow_tracker.self_describing_json.SelfDescribingJson object at 0x120110410>]}
[0m12:31:14.165949 [info ] [MainThread]: 
[0m12:31:14.166144 [info ] [MainThread]: Concurrency: 4 threads (target='dev')
[0m12:31:14.166296 [info ] [MainThread]: 
[0m12:31:14.166588 [debug] [MainThread]: Databricks adapter: DatabricksDBTConnection(session-id=None, name=master) - Creating connection
[0m12:31:14.166755 [debug] [MainThread]: Acquiring new databricks connection 'master'
[0m12:31:14.170379 [debug] [ThreadPool]: Databricks adapter: DatabricksDBTConnection(session-id=None, name=list_dbt_dev_dbt_osalami_marts) - Creating connection
[0m12:31:14.170693 [debug] [ThreadPool]: Databricks adapter: DatabricksDBTConnection(session-id=None, name=list_dbt_dev_dbt_osalami_seeds) - Creating connection
[0m12:31:14.170881 [debug] [ThreadPool]: Acquiring new databricks connection 'list_dbt_dev_dbt_osalami_marts'
[0m12:31:14.171192 [debug] [ThreadPool]: Databricks adapter: DatabricksDBTConnection(session-id=None, name=list_dbt_dev_dbt_osalami_staging) - Creating connection
[0m12:31:14.171399 [debug] [ThreadPool]: Acquiring new databricks connection 'list_dbt_dev_dbt_osalami_seeds'
[0m12:31:14.177359 [debug] [ThreadPool]: Using databricks connection "list_dbt_dev_dbt_osalami_marts"
[0m12:31:14.177542 [debug] [ThreadPool]: Acquiring new databricks connection 'list_dbt_dev_dbt_osalami_staging'
[0m12:31:14.178788 [debug] [ThreadPool]: Using databricks connection "list_dbt_dev_dbt_osalami_seeds"
[0m12:31:14.179009 [debug] [ThreadPool]: On list_dbt_dev_dbt_osalami_marts: /* {"app": "dbt", "dbt_version": "1.11.12", "dbt_databricks_version": "1.12.2", "databricks_sql_connector_version": "4.3.0", "profile_name": "ppg", "target_name": "dev", "invocation_id": "e59dfe8d-90a5-444d-b075-0efb335e1684", "connection_name": "list_dbt_dev_dbt_osalami_marts"} */

    
SELECT
  table_name,
  if(table_type IN ('EXTERNAL', 'MANAGED', 'MANAGED_SHALLOW_CLONE', 'EXTERNAL_SHALLOW_CLONE'), 'table', lower(table_type)) AS table_type,
  lower(data_source_format) AS file_format,
  table_owner,
  if(
    table_type IN (
      'EXTERNAL',
      'MANAGED',
      'MANAGED_SHALLOW_CLONE',
      'EXTERNAL_SHALLOW_CLONE'
    ),
    lower(table_type),
    NULL
  ) AS databricks_table_type
FROM `system`.`information_schema`.`tables`
WHERE table_catalog = 'dbt_dev'
  AND table_schema = 'dbt_osalami_marts'

  
[0m12:31:14.180205 [debug] [ThreadPool]: Using databricks connection "list_dbt_dev_dbt_osalami_staging"
[0m12:31:14.180406 [debug] [ThreadPool]: On list_dbt_dev_dbt_osalami_seeds: /* {"app": "dbt", "dbt_version": "1.11.12", "dbt_databricks_version": "1.12.2", "databricks_sql_connector_version": "4.3.0", "profile_name": "ppg", "target_name": "dev", "invocation_id": "e59dfe8d-90a5-444d-b075-0efb335e1684", "connection_name": "list_dbt_dev_dbt_osalami_seeds"} */

    
SELECT
  table_name,
  if(table_type IN ('EXTERNAL', 'MANAGED', 'MANAGED_SHALLOW_CLONE', 'EXTERNAL_SHALLOW_CLONE'), 'table', lower(table_type)) AS table_type,
  lower(data_source_format) AS file_format,
  table_owner,
  if(
    table_type IN (
      'EXTERNAL',
      'MANAGED',
      'MANAGED_SHALLOW_CLONE',
      'EXTERNAL_SHALLOW_CLONE'
    ),
    lower(table_type),
    NULL
  ) AS databricks_table_type
FROM `system`.`information_schema`.`tables`
WHERE table_catalog = 'dbt_dev'
  AND table_schema = 'dbt_osalami_seeds'

  
[0m12:31:14.180582 [debug] [ThreadPool]: Opening a new connection, currently in state init
[0m12:31:14.180765 [debug] [ThreadPool]: On list_dbt_dev_dbt_osalami_staging: /* {"app": "dbt", "dbt_version": "1.11.12", "dbt_databricks_version": "1.12.2", "databricks_sql_connector_version": "4.3.0", "profile_name": "ppg", "target_name": "dev", "invocation_id": "e59dfe8d-90a5-444d-b075-0efb335e1684", "connection_name": "list_dbt_dev_dbt_osalami_staging"} */

    
SELECT
  table_name,
  if(table_type IN ('EXTERNAL', 'MANAGED', 'MANAGED_SHALLOW_CLONE', 'EXTERNAL_SHALLOW_CLONE'), 'table', lower(table_type)) AS table_type,
  lower(data_source_format) AS file_format,
  table_owner,
  if(
    table_type IN (
      'EXTERNAL',
      'MANAGED',
      'MANAGED_SHALLOW_CLONE',
      'EXTERNAL_SHALLOW_CLONE'
    ),
    lower(table_type),
    NULL
  ) AS databricks_table_type
FROM `system`.`information_schema`.`tables`
WHERE table_catalog = 'dbt_dev'
  AND table_schema = 'dbt_osalami_staging'

  
[0m12:31:14.180936 [debug] [ThreadPool]: Opening a new connection, currently in state init
[0m12:31:14.181241 [debug] [ThreadPool]: Opening a new connection, currently in state init
[0m12:31:15.236440 [debug] [ThreadPool]: Databricks adapter: Connection(session-id=01f1c33e-1005-1aaf-8394-c78556c7097d) - Created
[0m12:31:15.237195 [debug] [ThreadPool]: Databricks adapter: Connection(session-id=01f1c33e-1005-1546-a07b-ca08dd2d5f49) - Created
[0m12:31:15.781835 [debug] [ThreadPool]: SQL status: OK in 1.600 seconds
[0m12:31:15.793765 [debug] [ThreadPool]: Databricks adapter: Cursor(session-id=01f1c33e-1005-1aaf-8394-c78556c7097d, command-id=01f1c33e-1038-11b9-92a4-e693d9b703c1) - Closing
[0m12:31:15.794937 [debug] [ThreadPool]: On list_dbt_dev_dbt_osalami_seeds: Close
[0m12:31:15.795515 [debug] [ThreadPool]: Databricks adapter: Connection(session-id=01f1c33e-1005-1aaf-8394-c78556c7097d) - Closing
[0m12:31:15.815354 [debug] [ThreadPool]: SQL status: OK in 1.630 seconds
[0m12:31:15.818153 [debug] [ThreadPool]: Databricks adapter: Cursor(session-id=01f1c33e-1005-1546-a07b-ca08dd2d5f49, command-id=01f1c33e-1038-18cb-88e4-cdcf3e0d4afe) - Closing
[0m12:31:15.894684 [debug] [ThreadPool]: On list_dbt_dev_dbt_osalami_staging: Close
[0m12:31:15.895746 [debug] [ThreadPool]: Databricks adapter: Connection(session-id=01f1c33e-1005-1546-a07b-ca08dd2d5f49) - Closing
[0m12:31:16.504439 [debug] [ThreadPool]: Databricks adapter: Connection(session-id=01f1c33e-10e9-1e27-ade4-079e6aa9d2bb) - Created
[0m12:31:16.975893 [debug] [ThreadPool]: SQL status: OK in 2.800 seconds
[0m12:31:16.979473 [debug] [ThreadPool]: Databricks adapter: Cursor(session-id=01f1c33e-10e9-1e27-ade4-079e6aa9d2bb, command-id=01f1c33e-10fa-15bb-83bf-6563cf495e56) - Closing
[0m12:31:16.980450 [debug] [ThreadPool]: On list_dbt_dev_dbt_osalami_marts: Close
[0m12:31:16.980918 [debug] [ThreadPool]: Databricks adapter: Connection(session-id=01f1c33e-10e9-1e27-ade4-079e6aa9d2bb) - Closing
[0m12:31:17.107510 [debug] [MainThread]: Sending event: {'category': 'dbt', 'action': 'runnable_timing', 'label': 'e59dfe8d-90a5-444d-b075-0efb335e1684', 'context': [<snowplow_tracker.self_describing_json.SelfDescribingJson object at 0x120014380>]}
[0m12:31:17.114290 [debug] [Thread-3 (]: Began running node source.ppg.metrics_marketplace.rpt_fct_mk_cnt_cmpnt_po_all
[0m12:31:17.115105 [info ] [Thread-3 (]: 1 of 1 START freshness of metrics_marketplace.rpt_fct_mk_cnt_cmpnt_po_all ...... [RUN]
[0m12:31:17.116278 [debug] [Thread-3 (]: Databricks adapter: DatabricksDBTConnection(session-id=None, name=source.ppg.metrics_marketplace.rpt_fct_mk_cnt_cmpnt_po_all) - Creating connection
[0m12:31:17.116752 [debug] [Thread-3 (]: Acquiring new databricks connection 'source.ppg.metrics_marketplace.rpt_fct_mk_cnt_cmpnt_po_all'
[0m12:31:17.117179 [debug] [Thread-3 (]: Began compiling node source.ppg.metrics_marketplace.rpt_fct_mk_cnt_cmpnt_po_all
[0m12:31:17.117595 [debug] [Thread-3 (]: Began executing node source.ppg.metrics_marketplace.rpt_fct_mk_cnt_cmpnt_po_all
[0m12:31:17.126669 [debug] [Thread-3 (]: Using databricks connection "source.ppg.metrics_marketplace.rpt_fct_mk_cnt_cmpnt_po_all"
[0m12:31:17.127332 [debug] [Thread-3 (]: On source.ppg.metrics_marketplace.rpt_fct_mk_cnt_cmpnt_po_all: /* {"app": "dbt", "dbt_version": "1.11.12", "dbt_databricks_version": "1.12.2", "databricks_sql_connector_version": "4.3.0", "profile_name": "ppg", "target_name": "dev", "invocation_id": "e59dfe8d-90a5-444d-b075-0efb335e1684", "node_id": "source.ppg.metrics_marketplace.rpt_fct_mk_cnt_cmpnt_po_all"} */
select
      max(last_updated_timestamp) as max_loaded_at,
      current_timestamp() as snapshotted_at
    from `prod_execution_metrics_marketplace`.`metrics359`.`rpt_fct_mk_cnt_cmpnt_po_all`
    
  
[0m12:31:17.127707 [debug] [Thread-3 (]: Opening a new connection, currently in state init
[0m12:31:17.400629 [debug] [Thread-3 (]: Databricks adapter: Connection(session-id=01f1c33e-1174-13b8-8ca2-475b84df15bf) - Created
[0m12:31:18.542947 [debug] [Thread-3 (]: SQL status: OK in 1.420 seconds
[0m12:31:18.548747 [debug] [Thread-3 (]: Databricks adapter: Cursor(session-id=01f1c33e-1174-13b8-8ca2-475b84df15bf, command-id=01f1c33e-1182-18c4-b85b-618c67841056) - Closing
[0m12:31:18.549522 [debug] [Thread-3 (]: On source.ppg.metrics_marketplace.rpt_fct_mk_cnt_cmpnt_po_all: Close
[0m12:31:18.550073 [debug] [Thread-3 (]: Databricks adapter: Connection(session-id=01f1c33e-1174-13b8-8ca2-475b84df15bf) - Closing
[0m12:31:18.666733 [error] [Thread-3 (]: 1 of 1 ERROR STALE freshness of metrics_marketplace.rpt_fct_mk_cnt_cmpnt_po_all  [[31mERROR STALE[0m in 1.55s]
[0m12:31:18.667729 [debug] [Thread-3 (]: Finished running node source.ppg.metrics_marketplace.rpt_fct_mk_cnt_cmpnt_po_all
[0m12:31:18.668496 [debug] [Thread-9 (]: Marking all children of 'source.ppg.metrics_marketplace.rpt_fct_mk_cnt_cmpnt_po_all' to be skipped because of status 'error'. 
[0m12:31:18.670889 [debug] [MainThread]: Databricks adapter: DatabricksDBTConnection(session-id=None, name=master) - Creating connection
[0m12:31:18.671262 [debug] [MainThread]: Acquiring new databricks connection 'master'
[0m12:31:18.671586 [info ] [MainThread]: 
[0m12:31:18.671828 [info ] [MainThread]: Finished running 1 source in 0 hours 0 minutes and 4.51 seconds (4.51s).
[0m12:31:18.790156 [debug] [MainThread]: Wrote artifact WritableManifest to /Users/olawalesalami/PROJECTS/dbt/dbt_databricks/target/manifest.json
[0m12:31:18.791635 [debug] [MainThread]: Wrote artifact SemanticManifest to /Users/olawalesalami/PROJECTS/dbt/dbt_databricks/target/semantic_manifest.json
[0m12:31:18.795456 [debug] [MainThread]: Wrote artifact FreshnessResult to /Users/olawalesalami/PROJECTS/dbt/dbt_databricks/target/sources.json
[0m12:31:18.795751 [info ] [MainThread]: 
[0m12:31:18.796002 [error] [MainThread]: [31mFailure in source rpt_fct_mk_cnt_cmpnt_po_all (models/staging/_pdm__sources.yml)[0m
[0m12:31:18.796206 [error] [MainThread]:   Status: error
[0m12:31:18.796364 [info ] [MainThread]: Done.
[0m12:31:18.799896 [debug] [MainThread]: Resource report: {"command_name": "freshness", "command_success": false, "command_wall_clock_time": 6.8427405, "process_in_blocks": "0", "process_kernel_time": 0.578783, "process_mem_max_rss": "286162944", "process_out_blocks": "0", "process_user_time": 2.830918}
[0m12:31:18.800280 [debug] [MainThread]: Command `dbt source freshness` failed at 12:31:18.800221 after 6.84 seconds
[0m12:31:18.800527 [debug] [MainThread]: Sending event: {'category': 'dbt', 'action': 'invocation', 'label': 'end', 'context': [<snowplow_tracker.self_describing_json.SelfDescribingJson object at 0x10b5dafc0>, <snowplow_tracker.self_describing_json.SelfDescribingJson object at 0x10b82a270>, <snowplow_tracker.self_describing_json.SelfDescribingJson object at 0x11fe865d0>]}
[0m12:31:18.800744 [debug] [MainThread]: Flushing usage events
[0m12:31:19.008766 [debug] [MainThread]: An error was encountered while trying to flush usage events
[0m12:32:54.569228 [debug] [MainThread]: Sending event: {'category': 'dbt', 'action': 'invocation', 'label': 'start', 'context': [<snowplow_tracker.self_describing_json.SelfDescribingJson object at 0x109ca2c30>, <snowplow_tracker.self_describing_json.SelfDescribingJson object at 0x10acb26c0>, <snowplow_tracker.self_describing_json.SelfDescribingJson object at 0x10ad14ad0>]}


============================== 12:32:54.572903 | 3488b05c-9b3b-4ad5-85ad-fef989c8cae7 ==============================
[0m12:32:54.572903 [info ] [MainThread]: Running with dbt=1.11.12
[0m12:32:54.573243 [debug] [MainThread]: running dbt with arguments {'send_anonymous_usage_stats': 'True', 'use_experimental_parser': 'False', 'profiles_dir': '/Users/olawalesalami/.dbt', 'fail_fast': 'False', 'use_colors': 'True', 'indirect_selection': 'eager', 'partial_parse': 'True', 'target_path': 'None', 'empty': 'None', 'no_print': 'None', 'printer_width': '80', 'version_check': 'True', 'warn_error_options': 'WarnErrorOptionsV2(error=[], warn=[], silence=[])', 'static_parser': 'True', 'debug': 'False', 'log_path': '/Users/olawalesalami/PROJECTS/dbt/dbt_databricks/logs', 'log_cache_events': 'False', 'introspect': 'True', 'log_format': 'default', 'quiet': 'False', 'cache_selected_only': 'False', 'write_json': 'True', 'warn_error': 'None', 'invocation_command': 'dbt show --inline \nselect version, timestamp, operation, userName from (describe history prod_execution_metrics_marketplace.metrics359.rpt_fct_mk_cnt_cmpnt_po_all)\norder by version desc --limit 3'}
[0m12:32:55.139751 [debug] [MainThread]: Spark adapter: Setting pyhive.hive logging to ERROR
[0m12:32:55.140099 [debug] [MainThread]: Spark adapter: Setting thrift.transport logging to ERROR
[0m12:32:55.140281 [debug] [MainThread]: Spark adapter: Setting thrift.protocol logging to ERROR
[0m12:32:55.877938 [debug] [MainThread]: Sending event: {'category': 'dbt', 'action': 'project_id', 'label': '3488b05c-9b3b-4ad5-85ad-fef989c8cae7', 'context': [<snowplow_tracker.self_describing_json.SelfDescribingJson object at 0x12e42ca40>]}
[0m12:32:55.909959 [debug] [MainThread]: Sending event: {'category': 'dbt', 'action': 'adapter_info', 'label': '3488b05c-9b3b-4ad5-85ad-fef989c8cae7', 'context': [<snowplow_tracker.self_describing_json.SelfDescribingJson object at 0x12ea18fe0>]}
[0m12:32:55.920745 [info ] [MainThread]: Registered adapter: databricks=1.12.2
[0m12:32:56.019351 [debug] [MainThread]: checksum: f368f5348cf42803b94ef7fb8257ecf3bf9a9a16dd9c8c51fe5172f2dbeb457f, vars: {}, profile: , target: , version: 1.11.12
[0m12:32:56.205029 [debug] [MainThread]: Partial parsing enabled: 0 files deleted, 0 files added, 0 files changed.
[0m12:32:56.205377 [debug] [MainThread]: Nothing changed, skipping partial parsing.
[0m12:32:56.205553 [debug] [MainThread]: Partial parsing enabled, no changes found, skipping parsing
[0m12:32:56.243655 [debug] [MainThread]: Sending event: {'category': 'dbt', 'action': 'load_project', 'label': '3488b05c-9b3b-4ad5-85ad-fef989c8cae7', 'context': [<snowplow_tracker.self_describing_json.SelfDescribingJson object at 0x12fe85ca0>]}
[0m12:32:56.325955 [debug] [MainThread]: Wrote artifact WritableManifest to /Users/olawalesalami/PROJECTS/dbt/dbt_databricks/target/manifest.json
[0m12:32:56.328205 [debug] [MainThread]: Wrote artifact SemanticManifest to /Users/olawalesalami/PROJECTS/dbt/dbt_databricks/target/semantic_manifest.json
[0m12:32:56.402769 [debug] [MainThread]: Sending event: {'category': 'dbt', 'action': 'resource_counts', 'label': '3488b05c-9b3b-4ad5-85ad-fef989c8cae7', 'context': [<snowplow_tracker.self_describing_json.SelfDescribingJson object at 0x13823f920>]}
[0m12:32:56.403154 [info ] [MainThread]: Found 34 models, 1 analysis, 72 data tests, 1 seed, 1 sql operation, 14 sources, 920 macros
[0m12:32:56.403370 [debug] [MainThread]: Sending event: {'category': 'dbt', 'action': 'runnable_timing', 'label': '3488b05c-9b3b-4ad5-85ad-fef989c8cae7', 'context': [<snowplow_tracker.self_describing_json.SelfDescribingJson object at 0x10ac73b90>]}
[0m12:32:56.405417 [info ] [MainThread]: 
[0m12:32:56.405769 [info ] [MainThread]: Concurrency: 4 threads (target='dev')
[0m12:32:56.405967 [info ] [MainThread]: 
[0m12:32:56.406351 [debug] [MainThread]: Databricks adapter: DatabricksDBTConnection(session-id=None, name=master) - Creating connection
[0m12:32:56.406540 [debug] [MainThread]: Acquiring new databricks connection 'master'
[0m12:32:56.410406 [debug] [ThreadPool]: Databricks adapter: DatabricksDBTConnection(session-id=None, name=list_dbt_dev_dbt_osalami_seeds) - Creating connection
[0m12:32:56.410762 [debug] [ThreadPool]: Databricks adapter: DatabricksDBTConnection(session-id=None, name=list_dbt_dev_dbt_osalami_marts) - Creating connection
[0m12:32:56.411096 [debug] [ThreadPool]: Databricks adapter: DatabricksDBTConnection(session-id=None, name=list_dbt_dev_dbt_osalami_staging) - Creating connection
[0m12:32:56.411326 [debug] [ThreadPool]: Acquiring new databricks connection 'list_dbt_dev_dbt_osalami_seeds'
[0m12:32:56.411570 [debug] [ThreadPool]: Acquiring new databricks connection 'list_dbt_dev_dbt_osalami_marts'
[0m12:32:56.411769 [debug] [ThreadPool]: Acquiring new databricks connection 'list_dbt_dev_dbt_osalami_staging'
[0m12:32:56.419563 [debug] [ThreadPool]: Using databricks connection "list_dbt_dev_dbt_osalami_marts"
[0m12:32:56.418151 [debug] [ThreadPool]: Using databricks connection "list_dbt_dev_dbt_osalami_seeds"
[0m12:32:56.421458 [debug] [ThreadPool]: Using databricks connection "list_dbt_dev_dbt_osalami_staging"
[0m12:32:56.421797 [debug] [ThreadPool]: On list_dbt_dev_dbt_osalami_marts: /* {"app": "dbt", "dbt_version": "1.11.12", "dbt_databricks_version": "1.12.2", "databricks_sql_connector_version": "4.3.0", "profile_name": "ppg", "target_name": "dev", "invocation_id": "3488b05c-9b3b-4ad5-85ad-fef989c8cae7", "connection_name": "list_dbt_dev_dbt_osalami_marts"} */

    
SELECT
  table_name,
  if(table_type IN ('EXTERNAL', 'MANAGED', 'MANAGED_SHALLOW_CLONE', 'EXTERNAL_SHALLOW_CLONE'), 'table', lower(table_type)) AS table_type,
  lower(data_source_format) AS file_format,
  table_owner,
  if(
    table_type IN (
      'EXTERNAL',
      'MANAGED',
      'MANAGED_SHALLOW_CLONE',
      'EXTERNAL_SHALLOW_CLONE'
    ),
    lower(table_type),
    NULL
  ) AS databricks_table_type
FROM `system`.`information_schema`.`tables`
WHERE table_catalog = 'dbt_dev'
  AND table_schema = 'dbt_osalami_marts'

  
[0m12:32:56.422118 [debug] [ThreadPool]: On list_dbt_dev_dbt_osalami_seeds: /* {"app": "dbt", "dbt_version": "1.11.12", "dbt_databricks_version": "1.12.2", "databricks_sql_connector_version": "4.3.0", "profile_name": "ppg", "target_name": "dev", "invocation_id": "3488b05c-9b3b-4ad5-85ad-fef989c8cae7", "connection_name": "list_dbt_dev_dbt_osalami_seeds"} */

    
SELECT
  table_name,
  if(table_type IN ('EXTERNAL', 'MANAGED', 'MANAGED_SHALLOW_CLONE', 'EXTERNAL_SHALLOW_CLONE'), 'table', lower(table_type)) AS table_type,
  lower(data_source_format) AS file_format,
  table_owner,
  if(
    table_type IN (
      'EXTERNAL',
      'MANAGED',
      'MANAGED_SHALLOW_CLONE',
      'EXTERNAL_SHALLOW_CLONE'
    ),
    lower(table_type),
    NULL
  ) AS databricks_table_type
FROM `system`.`information_schema`.`tables`
WHERE table_catalog = 'dbt_dev'
  AND table_schema = 'dbt_osalami_seeds'

  
[0m12:32:56.422429 [debug] [ThreadPool]: On list_dbt_dev_dbt_osalami_staging: /* {"app": "dbt", "dbt_version": "1.11.12", "dbt_databricks_version": "1.12.2", "databricks_sql_connector_version": "4.3.0", "profile_name": "ppg", "target_name": "dev", "invocation_id": "3488b05c-9b3b-4ad5-85ad-fef989c8cae7", "connection_name": "list_dbt_dev_dbt_osalami_staging"} */

    
SELECT
  table_name,
  if(table_type IN ('EXTERNAL', 'MANAGED', 'MANAGED_SHALLOW_CLONE', 'EXTERNAL_SHALLOW_CLONE'), 'table', lower(table_type)) AS table_type,
  lower(data_source_format) AS file_format,
  table_owner,
  if(
    table_type IN (
      'EXTERNAL',
      'MANAGED',
      'MANAGED_SHALLOW_CLONE',
      'EXTERNAL_SHALLOW_CLONE'
    ),
    lower(table_type),
    NULL
  ) AS databricks_table_type
FROM `system`.`information_schema`.`tables`
WHERE table_catalog = 'dbt_dev'
  AND table_schema = 'dbt_osalami_staging'

  
[0m12:32:56.422739 [debug] [ThreadPool]: Opening a new connection, currently in state init
[0m12:32:56.422920 [debug] [ThreadPool]: Opening a new connection, currently in state init
[0m12:32:56.423101 [debug] [ThreadPool]: Opening a new connection, currently in state init
[0m12:32:57.490368 [debug] [ThreadPool]: Databricks adapter: Connection(session-id=01f1c33e-4cf8-165b-b886-d5967554e8cd) - Created
[0m12:32:57.491599 [debug] [ThreadPool]: Databricks adapter: Connection(session-id=01f1c33e-4cf8-155f-9b07-163662530df6) - Created
[0m12:32:57.492697 [debug] [ThreadPool]: Databricks adapter: Connection(session-id=01f1c33e-4cf8-1908-adfd-adbb8514b6fd) - Created
[0m12:32:58.184692 [debug] [ThreadPool]: SQL status: OK in 1.760 seconds
[0m12:32:58.197416 [debug] [ThreadPool]: Databricks adapter: Cursor(session-id=01f1c33e-4cf8-1908-adfd-adbb8514b6fd, command-id=01f1c33e-4d2b-1b35-af1b-c625734f9df6) - Closing
[0m12:32:58.198404 [debug] [ThreadPool]: On list_dbt_dev_dbt_osalami_marts: Close
[0m12:32:58.198732 [debug] [ThreadPool]: Databricks adapter: Connection(session-id=01f1c33e-4cf8-1908-adfd-adbb8514b6fd) - Closing
[0m12:32:58.212242 [debug] [ThreadPool]: SQL status: OK in 1.790 seconds
[0m12:32:58.215150 [debug] [ThreadPool]: Databricks adapter: Cursor(session-id=01f1c33e-4cf8-165b-b886-d5967554e8cd, command-id=01f1c33e-4d2b-1af7-8539-0f5fc7d57452) - Closing
[0m12:32:58.228548 [debug] [ThreadPool]: SQL status: OK in 1.810 seconds
[0m12:32:58.231084 [debug] [ThreadPool]: Databricks adapter: Cursor(session-id=01f1c33e-4cf8-155f-9b07-163662530df6, command-id=01f1c33e-4d2c-1393-9338-df9ce46f75de) - Closing
[0m12:32:58.294454 [debug] [ThreadPool]: On list_dbt_dev_dbt_osalami_staging: Close
[0m12:32:58.294831 [debug] [ThreadPool]: Databricks adapter: Connection(session-id=01f1c33e-4cf8-165b-b886-d5967554e8cd) - Closing
[0m12:32:58.402913 [debug] [ThreadPool]: On list_dbt_dev_dbt_osalami_seeds: Close
[0m12:32:58.403626 [debug] [ThreadPool]: Databricks adapter: Connection(session-id=01f1c33e-4cf8-155f-9b07-163662530df6) - Closing
[0m12:32:58.514511 [debug] [MainThread]: Sending event: {'category': 'dbt', 'action': 'runnable_timing', 'label': '3488b05c-9b3b-4ad5-85ad-fef989c8cae7', 'context': [<snowplow_tracker.self_describing_json.SelfDescribingJson object at 0x12f479820>]}
[0m12:32:58.520727 [debug] [Thread-2 (]: Began running node sql_operation.ppg.inline_query
[0m12:32:58.521696 [debug] [Thread-2 (]: Databricks adapter: DatabricksDBTConnection(session-id=None, name=sql_operation.ppg.inline_query) - Creating connection
[0m12:32:58.522179 [debug] [Thread-2 (]: Acquiring new databricks connection 'sql_operation.ppg.inline_query'
[0m12:32:58.522565 [debug] [Thread-2 (]: Began compiling node sql_operation.ppg.inline_query
[0m12:32:58.530700 [debug] [Thread-2 (]: Writing injected SQL for node "sql_operation.ppg.inline_query"
[0m12:32:58.532171 [debug] [Thread-2 (]: Began executing node sql_operation.ppg.inline_query
[0m12:32:58.539362 [debug] [Thread-2 (]: Using databricks connection "sql_operation.ppg.inline_query"
[0m12:32:58.539780 [debug] [Thread-2 (]: On sql_operation.ppg.inline_query: /* {"app": "dbt", "dbt_version": "1.11.12", "dbt_databricks_version": "1.12.2", "databricks_sql_connector_version": "4.3.0", "profile_name": "ppg", "target_name": "dev", "invocation_id": "3488b05c-9b3b-4ad5-85ad-fef989c8cae7", "node_id": "sql_operation.ppg.inline_query"} */

  
  
select version, timestamp, operation, userName from (describe history prod_execution_metrics_marketplace.metrics359.rpt_fct_mk_cnt_cmpnt_po_all)
order by version desc
  
  limit 3

[0m12:32:58.540103 [debug] [Thread-2 (]: Opening a new connection, currently in state init
[0m12:32:58.821107 [debug] [Thread-2 (]: Databricks adapter: Connection(session-id=01f1c33e-4de6-10d4-b248-11e7525f4395) - Created
[0m12:33:01.086498 [debug] [Thread-2 (]: SQL status: OK in 2.550 seconds
[0m12:33:01.094662 [debug] [Thread-2 (]: Databricks adapter: Cursor(session-id=01f1c33e-4de6-10d4-b248-11e7525f4395, command-id=01f1c33e-4df6-183a-8510-9f8a6bbaacf3) - Closing
[0m12:33:01.097190 [debug] [Thread-2 (]: On sql_operation.ppg.inline_query: Close
[0m12:33:01.097696 [debug] [Thread-2 (]: Databricks adapter: Connection(session-id=01f1c33e-4de6-10d4-b248-11e7525f4395) - Closing
[0m12:33:01.204726 [debug] [Thread-2 (]: Finished running node sql_operation.ppg.inline_query
[0m12:33:01.206017 [debug] [MainThread]: Command end result
[0m12:33:01.258482 [debug] [MainThread]: Wrote artifact WritableManifest to /Users/olawalesalami/PROJECTS/dbt/dbt_databricks/target/manifest.json
[0m12:33:01.260311 [debug] [MainThread]: Wrote artifact SemanticManifest to /Users/olawalesalami/PROJECTS/dbt/dbt_databricks/target/semantic_manifest.json
[0m12:33:01.264724 [debug] [MainThread]: Wrote artifact RunExecutionResult to /Users/olawalesalami/PROJECTS/dbt/dbt_databricks/target/run_results.json
[0m12:33:01.265089 [info ] [MainThread]: Previewing inline node:
| version |            timestamp | operation   | userName             |
| ------- | -------------------- | ----------- | -------------------- |
|       8 | 2026-10-08 15:32:... | ADD COLUMNS | wale.salami10@gma... |
|       7 | 2026-10-08 15:28:... | UPDATE      | wale.salami10@gma... |
|       6 | 2026-10-08 15:24:... | UPDATE      | wale.salami10@gma... |

[0m12:33:01.268838 [debug] [MainThread]: Resource report: {"command_name": "show", "command_success": true, "command_wall_clock_time": 6.7455072, "process_in_blocks": "0", "process_kernel_time": 0.513936, "process_mem_max_rss": "277610496", "process_out_blocks": "0", "process_user_time": 2.4484}
[0m12:33:01.269237 [debug] [MainThread]: Command `dbt show` succeeded at 12:33:01.269183 after 6.75 seconds
[0m12:33:01.269520 [debug] [MainThread]: Sending event: {'category': 'dbt', 'action': 'invocation', 'label': 'end', 'context': [<snowplow_tracker.self_describing_json.SelfDescribingJson object at 0x109c19a00>, <snowplow_tracker.self_describing_json.SelfDescribingJson object at 0x10ab934d0>, <snowplow_tracker.self_describing_json.SelfDescribingJson object at 0x1380165a0>]}
[0m12:33:01.269772 [debug] [MainThread]: Flushing usage events
[0m12:33:01.577854 [debug] [MainThread]: An error was encountered while trying to flush usage events
[0m12:34:57.126348 [debug] [MainThread]: Sending event: {'category': 'dbt', 'action': 'invocation', 'label': 'start', 'context': [<snowplow_tracker.self_describing_json.SelfDescribingJson object at 0x108f20110>, <snowplow_tracker.self_describing_json.SelfDescribingJson object at 0x108aedca0>, <snowplow_tracker.self_describing_json.SelfDescribingJson object at 0x108492330>]}


============================== 12:34:57.130200 | ca6b8e18-4b5c-4f87-b459-4be516031cb3 ==============================
[0m12:34:57.130200 [info ] [MainThread]: Running with dbt=1.11.12
[0m12:34:57.130598 [debug] [MainThread]: running dbt with arguments {'log_cache_events': 'False', 'quiet': 'False', 'introspect': 'True', 'static_parser': 'True', 'warn_error_options': 'WarnErrorOptionsV2(error=[], warn=[], silence=[])', 'log_path': '/Users/olawalesalami/PROJECTS/dbt/dbt_databricks/logs', 'invocation_command': "dbt show --inline \nselect count(*) as n_rows, count(last_updated_timestamp) as n_ts,\n       min(last_updated_timestamp) as min_ts, max(last_updated_timestamp) as max_ts\nfrom {{ source('metrics_marketplace', 'rpt_fct_mk_cnt_cmpnt_po_all') }}", 'write_json': 'True', 'send_anonymous_usage_stats': 'True', 'fail_fast': 'False', 'use_colors': 'True', 'target_path': 'None', 'indirect_selection': 'eager', 'cache_selected_only': 'False', 'printer_width': '80', 'warn_error': 'None', 'version_check': 'True', 'profiles_dir': '/Users/olawalesalami/.dbt', 'debug': 'False', 'log_format': 'default', 'no_print': 'None', 'partial_parse': 'True', 'use_experimental_parser': 'False', 'empty': 'None'}
[0m12:34:57.702449 [debug] [MainThread]: Spark adapter: Setting pyhive.hive logging to ERROR
[0m12:34:57.702814 [debug] [MainThread]: Spark adapter: Setting thrift.transport logging to ERROR
[0m12:34:57.703000 [debug] [MainThread]: Spark adapter: Setting thrift.protocol logging to ERROR
[0m12:34:58.491200 [debug] [MainThread]: Sending event: {'category': 'dbt', 'action': 'project_id', 'label': 'ca6b8e18-4b5c-4f87-b459-4be516031cb3', 'context': [<snowplow_tracker.self_describing_json.SelfDescribingJson object at 0x111ad8890>]}
[0m12:34:58.527079 [debug] [MainThread]: Sending event: {'category': 'dbt', 'action': 'adapter_info', 'label': 'ca6b8e18-4b5c-4f87-b459-4be516031cb3', 'context': [<snowplow_tracker.self_describing_json.SelfDescribingJson object at 0x111df7140>]}
[0m12:34:58.535196 [info ] [MainThread]: Registered adapter: databricks=1.12.2
[0m12:34:58.637898 [debug] [MainThread]: checksum: f368f5348cf42803b94ef7fb8257ecf3bf9a9a16dd9c8c51fe5172f2dbeb457f, vars: {}, profile: , target: , version: 1.11.12
[0m12:34:58.824231 [debug] [MainThread]: Partial parsing enabled: 0 files deleted, 0 files added, 0 files changed.
[0m12:34:58.824587 [debug] [MainThread]: Nothing changed, skipping partial parsing.
[0m12:34:58.824770 [debug] [MainThread]: Partial parsing enabled, no changes found, skipping parsing
[0m12:34:58.863457 [debug] [MainThread]: Sending event: {'category': 'dbt', 'action': 'load_project', 'label': 'ca6b8e18-4b5c-4f87-b459-4be516031cb3', 'context': [<snowplow_tracker.self_describing_json.SelfDescribingJson object at 0x112ca8680>]}
[0m12:34:58.953372 [debug] [MainThread]: Wrote artifact WritableManifest to /Users/olawalesalami/PROJECTS/dbt/dbt_databricks/target/manifest.json
[0m12:34:58.955492 [debug] [MainThread]: Wrote artifact SemanticManifest to /Users/olawalesalami/PROJECTS/dbt/dbt_databricks/target/semantic_manifest.json
[0m12:34:59.034230 [debug] [MainThread]: Sending event: {'category': 'dbt', 'action': 'resource_counts', 'label': 'ca6b8e18-4b5c-4f87-b459-4be516031cb3', 'context': [<snowplow_tracker.self_describing_json.SelfDescribingJson object at 0x112f38c50>]}
[0m12:34:59.034667 [info ] [MainThread]: Found 34 models, 1 analysis, 72 data tests, 1 seed, 1 sql operation, 14 sources, 920 macros
[0m12:34:59.034915 [debug] [MainThread]: Sending event: {'category': 'dbt', 'action': 'runnable_timing', 'label': 'ca6b8e18-4b5c-4f87-b459-4be516031cb3', 'context': [<snowplow_tracker.self_describing_json.SelfDescribingJson object at 0x111e71910>]}
[0m12:34:59.036823 [info ] [MainThread]: 
[0m12:34:59.037089 [info ] [MainThread]: Concurrency: 4 threads (target='dev')
[0m12:34:59.037261 [info ] [MainThread]: 
[0m12:34:59.037593 [debug] [MainThread]: Databricks adapter: DatabricksDBTConnection(session-id=None, name=master) - Creating connection
[0m12:34:59.037774 [debug] [MainThread]: Acquiring new databricks connection 'master'
[0m12:34:59.041970 [debug] [ThreadPool]: Databricks adapter: DatabricksDBTConnection(session-id=None, name=list_dbt_dev_dbt_osalami_marts) - Creating connection
[0m12:34:59.042418 [debug] [ThreadPool]: Databricks adapter: DatabricksDBTConnection(session-id=None, name=list_dbt_dev_dbt_osalami_seeds) - Creating connection
[0m12:34:59.042758 [debug] [ThreadPool]: Databricks adapter: DatabricksDBTConnection(session-id=None, name=list_dbt_dev_dbt_osalami_staging) - Creating connection
[0m12:34:59.042971 [debug] [ThreadPool]: Acquiring new databricks connection 'list_dbt_dev_dbt_osalami_marts'
[0m12:34:59.043184 [debug] [ThreadPool]: Acquiring new databricks connection 'list_dbt_dev_dbt_osalami_seeds'
[0m12:34:59.043369 [debug] [ThreadPool]: Acquiring new databricks connection 'list_dbt_dev_dbt_osalami_staging'
[0m12:34:59.050016 [debug] [ThreadPool]: Using databricks connection "list_dbt_dev_dbt_osalami_marts"
[0m12:34:59.051730 [debug] [ThreadPool]: Using databricks connection "list_dbt_dev_dbt_osalami_seeds"
[0m12:34:59.053670 [debug] [ThreadPool]: Using databricks connection "list_dbt_dev_dbt_osalami_staging"
[0m12:34:59.054126 [debug] [ThreadPool]: On list_dbt_dev_dbt_osalami_marts: /* {"app": "dbt", "dbt_version": "1.11.12", "dbt_databricks_version": "1.12.2", "databricks_sql_connector_version": "4.3.0", "profile_name": "ppg", "target_name": "dev", "invocation_id": "ca6b8e18-4b5c-4f87-b459-4be516031cb3", "connection_name": "list_dbt_dev_dbt_osalami_marts"} */

    
SELECT
  table_name,
  if(table_type IN ('EXTERNAL', 'MANAGED', 'MANAGED_SHALLOW_CLONE', 'EXTERNAL_SHALLOW_CLONE'), 'table', lower(table_type)) AS table_type,
  lower(data_source_format) AS file_format,
  table_owner,
  if(
    table_type IN (
      'EXTERNAL',
      'MANAGED',
      'MANAGED_SHALLOW_CLONE',
      'EXTERNAL_SHALLOW_CLONE'
    ),
    lower(table_type),
    NULL
  ) AS databricks_table_type
FROM `system`.`information_schema`.`tables`
WHERE table_catalog = 'dbt_dev'
  AND table_schema = 'dbt_osalami_marts'

  
[0m12:34:59.054367 [debug] [ThreadPool]: On list_dbt_dev_dbt_osalami_seeds: /* {"app": "dbt", "dbt_version": "1.11.12", "dbt_databricks_version": "1.12.2", "databricks_sql_connector_version": "4.3.0", "profile_name": "ppg", "target_name": "dev", "invocation_id": "ca6b8e18-4b5c-4f87-b459-4be516031cb3", "connection_name": "list_dbt_dev_dbt_osalami_seeds"} */

    
SELECT
  table_name,
  if(table_type IN ('EXTERNAL', 'MANAGED', 'MANAGED_SHALLOW_CLONE', 'EXTERNAL_SHALLOW_CLONE'), 'table', lower(table_type)) AS table_type,
  lower(data_source_format) AS file_format,
  table_owner,
  if(
    table_type IN (
      'EXTERNAL',
      'MANAGED',
      'MANAGED_SHALLOW_CLONE',
      'EXTERNAL_SHALLOW_CLONE'
    ),
    lower(table_type),
    NULL
  ) AS databricks_table_type
FROM `system`.`information_schema`.`tables`
WHERE table_catalog = 'dbt_dev'
  AND table_schema = 'dbt_osalami_seeds'

  
[0m12:34:59.054652 [debug] [ThreadPool]: On list_dbt_dev_dbt_osalami_staging: /* {"app": "dbt", "dbt_version": "1.11.12", "dbt_databricks_version": "1.12.2", "databricks_sql_connector_version": "4.3.0", "profile_name": "ppg", "target_name": "dev", "invocation_id": "ca6b8e18-4b5c-4f87-b459-4be516031cb3", "connection_name": "list_dbt_dev_dbt_osalami_staging"} */

    
SELECT
  table_name,
  if(table_type IN ('EXTERNAL', 'MANAGED', 'MANAGED_SHALLOW_CLONE', 'EXTERNAL_SHALLOW_CLONE'), 'table', lower(table_type)) AS table_type,
  lower(data_source_format) AS file_format,
  table_owner,
  if(
    table_type IN (
      'EXTERNAL',
      'MANAGED',
      'MANAGED_SHALLOW_CLONE',
      'EXTERNAL_SHALLOW_CLONE'
    ),
    lower(table_type),
    NULL
  ) AS databricks_table_type
FROM `system`.`information_schema`.`tables`
WHERE table_catalog = 'dbt_dev'
  AND table_schema = 'dbt_osalami_staging'

  
[0m12:34:59.054860 [debug] [ThreadPool]: Opening a new connection, currently in state init
[0m12:34:59.055026 [debug] [ThreadPool]: Opening a new connection, currently in state init
[0m12:34:59.055182 [debug] [ThreadPool]: Opening a new connection, currently in state init
[0m12:35:00.216634 [debug] [ThreadPool]: Databricks adapter: Connection(session-id=01f1c33e-9619-10c1-a12a-b2d7092bf253) - Created
[0m12:35:00.220376 [debug] [ThreadPool]: Databricks adapter: Connection(session-id=01f1c33e-9618-1787-915a-940129cd1bbe) - Created
[0m12:35:00.238027 [debug] [ThreadPool]: Databricks adapter: Connection(session-id=01f1c33e-9619-1199-9804-c026cede13c2) - Created
[0m12:35:01.103129 [debug] [ThreadPool]: SQL status: OK in 2.050 seconds
[0m12:35:01.114200 [debug] [ThreadPool]: Databricks adapter: Cursor(session-id=01f1c33e-9619-1199-9804-c026cede13c2, command-id=01f1c33e-9656-1fdb-ab0a-b7afbc9eb5bc) - Closing
[0m12:35:01.115100 [debug] [ThreadPool]: On list_dbt_dev_dbt_osalami_seeds: Close
[0m12:35:01.115472 [debug] [ThreadPool]: Databricks adapter: Connection(session-id=01f1c33e-9619-1199-9804-c026cede13c2) - Closing
[0m12:35:01.164056 [debug] [ThreadPool]: SQL status: OK in 2.110 seconds
[0m12:35:01.167239 [debug] [ThreadPool]: Databricks adapter: Cursor(session-id=01f1c33e-9619-10c1-a12a-b2d7092bf253, command-id=01f1c33e-9657-1f25-94ea-2db42544fce2) - Closing
[0m12:35:01.176514 [debug] [ThreadPool]: SQL status: OK in 2.120 seconds
[0m12:35:01.178715 [debug] [ThreadPool]: Databricks adapter: Cursor(session-id=01f1c33e-9618-1787-915a-940129cd1bbe, command-id=01f1c33e-9657-12ed-a0cc-fdd945159a79) - Closing
[0m12:35:01.214985 [debug] [ThreadPool]: On list_dbt_dev_dbt_osalami_staging: Close
[0m12:35:01.216076 [debug] [ThreadPool]: Databricks adapter: Connection(session-id=01f1c33e-9619-10c1-a12a-b2d7092bf253) - Closing
[0m12:35:01.357098 [debug] [ThreadPool]: On list_dbt_dev_dbt_osalami_marts: Close
[0m12:35:01.360338 [debug] [ThreadPool]: Databricks adapter: Connection(session-id=01f1c33e-9618-1787-915a-940129cd1bbe) - Closing
[0m12:35:01.489297 [debug] [MainThread]: Sending event: {'category': 'dbt', 'action': 'runnable_timing', 'label': 'ca6b8e18-4b5c-4f87-b459-4be516031cb3', 'context': [<snowplow_tracker.self_describing_json.SelfDescribingJson object at 0x1065251c0>]}
[0m12:35:01.493387 [debug] [Thread-2 (]: Began running node sql_operation.ppg.inline_query
[0m12:35:01.494051 [debug] [Thread-2 (]: Databricks adapter: DatabricksDBTConnection(session-id=None, name=sql_operation.ppg.inline_query) - Creating connection
[0m12:35:01.494422 [debug] [Thread-2 (]: Acquiring new databricks connection 'sql_operation.ppg.inline_query'
[0m12:35:01.494758 [debug] [Thread-2 (]: Began compiling node sql_operation.ppg.inline_query
[0m12:35:01.501271 [debug] [Thread-2 (]: Writing injected SQL for node "sql_operation.ppg.inline_query"
[0m12:35:01.502352 [debug] [Thread-2 (]: Began executing node sql_operation.ppg.inline_query
[0m12:35:01.510242 [debug] [Thread-2 (]: Using databricks connection "sql_operation.ppg.inline_query"
[0m12:35:01.510777 [debug] [Thread-2 (]: On sql_operation.ppg.inline_query: /* {"app": "dbt", "dbt_version": "1.11.12", "dbt_databricks_version": "1.12.2", "databricks_sql_connector_version": "4.3.0", "profile_name": "ppg", "target_name": "dev", "invocation_id": "ca6b8e18-4b5c-4f87-b459-4be516031cb3", "node_id": "sql_operation.ppg.inline_query"} */

  
  
select count(*) as n_rows, count(last_updated_timestamp) as n_ts,
       min(last_updated_timestamp) as min_ts, max(last_updated_timestamp) as max_ts
from `prod_execution_metrics_marketplace`.`metrics359`.`rpt_fct_mk_cnt_cmpnt_po_all`
  
  limit 5

[0m12:35:01.511145 [debug] [Thread-2 (]: Opening a new connection, currently in state init
[0m12:35:01.793600 [debug] [Thread-2 (]: Databricks adapter: Connection(session-id=01f1c33e-9732-140a-b52c-3c870a1310cd) - Created
[0m12:35:02.933538 [debug] [Thread-2 (]: SQL status: OK in 1.420 seconds
[0m12:35:02.939250 [debug] [Thread-2 (]: Databricks adapter: Cursor(session-id=01f1c33e-9732-140a-b52c-3c870a1310cd, command-id=01f1c33e-9743-186d-a252-0fdb42981bdc) - Closing
[0m12:35:02.940591 [debug] [Thread-2 (]: On sql_operation.ppg.inline_query: Close
[0m12:35:02.940869 [debug] [Thread-2 (]: Databricks adapter: Connection(session-id=01f1c33e-9732-140a-b52c-3c870a1310cd) - Closing
[0m12:35:03.042660 [debug] [Thread-2 (]: Finished running node sql_operation.ppg.inline_query
[0m12:35:03.044192 [debug] [MainThread]: Command end result
[0m12:35:03.104718 [debug] [MainThread]: Wrote artifact WritableManifest to /Users/olawalesalami/PROJECTS/dbt/dbt_databricks/target/manifest.json
[0m12:35:03.106243 [debug] [MainThread]: Wrote artifact SemanticManifest to /Users/olawalesalami/PROJECTS/dbt/dbt_databricks/target/semantic_manifest.json
[0m12:35:03.109863 [debug] [MainThread]: Wrote artifact RunExecutionResult to /Users/olawalesalami/PROJECTS/dbt/dbt_databricks/target/run_results.json
[0m12:35:03.110181 [info ] [MainThread]: Previewing inline node:
| n_rows | n_ts |               min_ts |               max_ts |
| ------ | ---- | -------------------- | -------------------- |
|     77 |   77 | 2026-10-08 17:34:... | 2026-10-08 17:34:... |

[0m12:35:03.114128 [debug] [MainThread]: Resource report: {"command_name": "show", "command_success": true, "command_wall_clock_time": 6.033319, "process_in_blocks": "0", "process_kernel_time": 0.534281, "process_mem_max_rss": "263503872", "process_out_blocks": "0", "process_user_time": 2.460375}
[0m12:35:03.114554 [debug] [MainThread]: Command `dbt show` succeeded at 12:35:03.114497 after 6.03 seconds
[0m12:35:03.114829 [debug] [MainThread]: Sending event: {'category': 'dbt', 'action': 'invocation', 'label': 'end', 'context': [<snowplow_tracker.self_describing_json.SelfDescribingJson object at 0x108981520>, <snowplow_tracker.self_describing_json.SelfDescribingJson object at 0x108193a10>, <snowplow_tracker.self_describing_json.SelfDescribingJson object at 0x108193140>]}
[0m12:35:03.115083 [debug] [MainThread]: Flushing usage events
[0m12:35:03.363913 [debug] [MainThread]: An error was encountered while trying to flush usage events
[0m12:35:04.740184 [debug] [MainThread]: Sending event: {'category': 'dbt', 'action': 'invocation', 'label': 'start', 'context': [<snowplow_tracker.self_describing_json.SelfDescribingJson object at 0x110ad14c0>, <snowplow_tracker.self_describing_json.SelfDescribingJson object at 0x111177b90>, <snowplow_tracker.self_describing_json.SelfDescribingJson object at 0x111188c20>]}


============================== 12:35:04.745365 | 0d51d2c1-b5dc-4dda-922b-e539e329664b ==============================
[0m12:35:04.745365 [info ] [MainThread]: Running with dbt=1.11.12
[0m12:35:04.745999 [debug] [MainThread]: running dbt with arguments {'indirect_selection': 'eager', 'cache_selected_only': 'False', 'invocation_command': "dbt show --inline \nselect version, timestamp, operation, userName from (describe history {{ source('metrics_marketplace', 'rpt_fct_mk_cnt_cmpnt_po_all') }})\norder by version desc --limit 3", 'warn_error_options': 'WarnErrorOptionsV2(error=[], warn=[], silence=[])', 'debug': 'False', 'log_path': '/Users/olawalesalami/PROJECTS/dbt/dbt_databricks/logs', 'static_parser': 'True', 'target_path': 'None', 'version_check': 'True', 'log_format': 'default', 'quiet': 'False', 'write_json': 'True', 'fail_fast': 'False', 'log_cache_events': 'False', 'empty': 'None', 'use_experimental_parser': 'False', 'send_anonymous_usage_stats': 'True', 'partial_parse': 'True', 'warn_error': 'None', 'no_print': 'None', 'introspect': 'True', 'profiles_dir': '/Users/olawalesalami/.dbt', 'printer_width': '80', 'use_colors': 'True'}
[0m12:35:05.370052 [debug] [MainThread]: Spark adapter: Setting pyhive.hive logging to ERROR
[0m12:35:05.402313 [debug] [MainThread]: Spark adapter: Setting thrift.transport logging to ERROR
[0m12:35:05.403051 [debug] [MainThread]: Spark adapter: Setting thrift.protocol logging to ERROR
[0m12:35:05.970659 [debug] [MainThread]: Sending event: {'category': 'dbt', 'action': 'project_id', 'label': '0d51d2c1-b5dc-4dda-922b-e539e329664b', 'context': [<snowplow_tracker.self_describing_json.SelfDescribingJson object at 0x1242df680>]}
[0m12:35:06.000913 [debug] [MainThread]: Sending event: {'category': 'dbt', 'action': 'adapter_info', 'label': '0d51d2c1-b5dc-4dda-922b-e539e329664b', 'context': [<snowplow_tracker.self_describing_json.SelfDescribingJson object at 0x124272360>]}
[0m12:35:06.005249 [info ] [MainThread]: Registered adapter: databricks=1.12.2
[0m12:35:06.101731 [debug] [MainThread]: checksum: f368f5348cf42803b94ef7fb8257ecf3bf9a9a16dd9c8c51fe5172f2dbeb457f, vars: {}, profile: , target: , version: 1.11.12
[0m12:35:06.479309 [debug] [MainThread]: Partial parsing enabled: 0 files deleted, 0 files added, 0 files changed.
[0m12:35:06.479641 [debug] [MainThread]: Nothing changed, skipping partial parsing.
[0m12:35:06.479819 [debug] [MainThread]: Partial parsing enabled, no changes found, skipping parsing
[0m12:35:06.519771 [debug] [MainThread]: Sending event: {'category': 'dbt', 'action': 'load_project', 'label': '0d51d2c1-b5dc-4dda-922b-e539e329664b', 'context': [<snowplow_tracker.self_describing_json.SelfDescribingJson object at 0x124785340>]}
[0m12:35:06.603957 [debug] [MainThread]: Wrote artifact WritableManifest to /Users/olawalesalami/PROJECTS/dbt/dbt_databricks/target/manifest.json
[0m12:35:06.605694 [debug] [MainThread]: Wrote artifact SemanticManifest to /Users/olawalesalami/PROJECTS/dbt/dbt_databricks/target/semantic_manifest.json
[0m12:35:06.684140 [debug] [MainThread]: Sending event: {'category': 'dbt', 'action': 'resource_counts', 'label': '0d51d2c1-b5dc-4dda-922b-e539e329664b', 'context': [<snowplow_tracker.self_describing_json.SelfDescribingJson object at 0x124c1abd0>]}
[0m12:35:06.684506 [info ] [MainThread]: Found 34 models, 1 analysis, 72 data tests, 1 seed, 1 sql operation, 14 sources, 920 macros
[0m12:35:06.684786 [debug] [MainThread]: Sending event: {'category': 'dbt', 'action': 'runnable_timing', 'label': '0d51d2c1-b5dc-4dda-922b-e539e329664b', 'context': [<snowplow_tracker.self_describing_json.SelfDescribingJson object at 0x124373d10>]}
[0m12:35:06.686506 [info ] [MainThread]: 
[0m12:35:06.686742 [info ] [MainThread]: Concurrency: 4 threads (target='dev')
[0m12:35:06.686917 [info ] [MainThread]: 
[0m12:35:06.687227 [debug] [MainThread]: Databricks adapter: DatabricksDBTConnection(session-id=None, name=master) - Creating connection
[0m12:35:06.687406 [debug] [MainThread]: Acquiring new databricks connection 'master'
[0m12:35:06.691019 [debug] [ThreadPool]: Databricks adapter: DatabricksDBTConnection(session-id=None, name=list_dbt_dev_dbt_osalami_staging) - Creating connection
[0m12:35:06.691510 [debug] [ThreadPool]: Databricks adapter: DatabricksDBTConnection(session-id=None, name=list_dbt_dev_dbt_osalami_seeds) - Creating connection
[0m12:35:06.691749 [debug] [ThreadPool]: Acquiring new databricks connection 'list_dbt_dev_dbt_osalami_staging'
[0m12:35:06.692100 [debug] [ThreadPool]: Databricks adapter: DatabricksDBTConnection(session-id=None, name=list_dbt_dev_dbt_osalami_marts) - Creating connection
[0m12:35:06.692365 [debug] [ThreadPool]: Acquiring new databricks connection 'list_dbt_dev_dbt_osalami_seeds'
[0m12:35:06.698720 [debug] [ThreadPool]: Using databricks connection "list_dbt_dev_dbt_osalami_staging"
[0m12:35:06.698983 [debug] [ThreadPool]: Acquiring new databricks connection 'list_dbt_dev_dbt_osalami_marts'
[0m12:35:06.700565 [debug] [ThreadPool]: Using databricks connection "list_dbt_dev_dbt_osalami_seeds"
[0m12:35:06.700857 [debug] [ThreadPool]: On list_dbt_dev_dbt_osalami_staging: /* {"app": "dbt", "dbt_version": "1.11.12", "dbt_databricks_version": "1.12.2", "databricks_sql_connector_version": "4.3.0", "profile_name": "ppg", "target_name": "dev", "invocation_id": "0d51d2c1-b5dc-4dda-922b-e539e329664b", "connection_name": "list_dbt_dev_dbt_osalami_staging"} */

    
SELECT
  table_name,
  if(table_type IN ('EXTERNAL', 'MANAGED', 'MANAGED_SHALLOW_CLONE', 'EXTERNAL_SHALLOW_CLONE'), 'table', lower(table_type)) AS table_type,
  lower(data_source_format) AS file_format,
  table_owner,
  if(
    table_type IN (
      'EXTERNAL',
      'MANAGED',
      'MANAGED_SHALLOW_CLONE',
      'EXTERNAL_SHALLOW_CLONE'
    ),
    lower(table_type),
    NULL
  ) AS databricks_table_type
FROM `system`.`information_schema`.`tables`
WHERE table_catalog = 'dbt_dev'
  AND table_schema = 'dbt_osalami_staging'

  
[0m12:35:06.702255 [debug] [ThreadPool]: Using databricks connection "list_dbt_dev_dbt_osalami_marts"
[0m12:35:06.702509 [debug] [ThreadPool]: On list_dbt_dev_dbt_osalami_seeds: /* {"app": "dbt", "dbt_version": "1.11.12", "dbt_databricks_version": "1.12.2", "databricks_sql_connector_version": "4.3.0", "profile_name": "ppg", "target_name": "dev", "invocation_id": "0d51d2c1-b5dc-4dda-922b-e539e329664b", "connection_name": "list_dbt_dev_dbt_osalami_seeds"} */

    
SELECT
  table_name,
  if(table_type IN ('EXTERNAL', 'MANAGED', 'MANAGED_SHALLOW_CLONE', 'EXTERNAL_SHALLOW_CLONE'), 'table', lower(table_type)) AS table_type,
  lower(data_source_format) AS file_format,
  table_owner,
  if(
    table_type IN (
      'EXTERNAL',
      'MANAGED',
      'MANAGED_SHALLOW_CLONE',
      'EXTERNAL_SHALLOW_CLONE'
    ),
    lower(table_type),
    NULL
  ) AS databricks_table_type
FROM `system`.`information_schema`.`tables`
WHERE table_catalog = 'dbt_dev'
  AND table_schema = 'dbt_osalami_seeds'

  
[0m12:35:06.702763 [debug] [ThreadPool]: Opening a new connection, currently in state init
[0m12:35:06.703061 [debug] [ThreadPool]: On list_dbt_dev_dbt_osalami_marts: /* {"app": "dbt", "dbt_version": "1.11.12", "dbt_databricks_version": "1.12.2", "databricks_sql_connector_version": "4.3.0", "profile_name": "ppg", "target_name": "dev", "invocation_id": "0d51d2c1-b5dc-4dda-922b-e539e329664b", "connection_name": "list_dbt_dev_dbt_osalami_marts"} */

    
SELECT
  table_name,
  if(table_type IN ('EXTERNAL', 'MANAGED', 'MANAGED_SHALLOW_CLONE', 'EXTERNAL_SHALLOW_CLONE'), 'table', lower(table_type)) AS table_type,
  lower(data_source_format) AS file_format,
  table_owner,
  if(
    table_type IN (
      'EXTERNAL',
      'MANAGED',
      'MANAGED_SHALLOW_CLONE',
      'EXTERNAL_SHALLOW_CLONE'
    ),
    lower(table_type),
    NULL
  ) AS databricks_table_type
FROM `system`.`information_schema`.`tables`
WHERE table_catalog = 'dbt_dev'
  AND table_schema = 'dbt_osalami_marts'

  
[0m12:35:06.703261 [debug] [ThreadPool]: Opening a new connection, currently in state init
[0m12:35:06.703663 [debug] [ThreadPool]: Opening a new connection, currently in state init
[0m12:35:07.677604 [debug] [ThreadPool]: Databricks adapter: Connection(session-id=01f1c33e-9a93-19c8-8bde-c1585046b128) - Created
[0m12:35:07.678789 [debug] [ThreadPool]: Databricks adapter: Connection(session-id=01f1c33e-9a92-1668-aff0-1470bcc826d1) - Created
[0m12:35:07.679418 [debug] [ThreadPool]: Databricks adapter: Connection(session-id=01f1c33e-9a94-11a1-be45-2ee8ad4550ee) - Created
[0m12:35:08.275346 [debug] [ThreadPool]: SQL status: OK in 1.570 seconds
[0m12:35:08.283563 [debug] [ThreadPool]: Databricks adapter: Cursor(session-id=01f1c33e-9a93-19c8-8bde-c1585046b128, command-id=01f1c33e-9ac4-19dc-a37f-2d08900677dd) - Closing
[0m12:35:08.285935 [debug] [ThreadPool]: On list_dbt_dev_dbt_osalami_staging: Close
[0m12:35:08.286386 [debug] [ThreadPool]: Databricks adapter: Connection(session-id=01f1c33e-9a93-19c8-8bde-c1585046b128) - Closing
[0m12:35:08.287117 [debug] [ThreadPool]: SQL status: OK in 1.580 seconds
[0m12:35:08.288948 [debug] [ThreadPool]: Databricks adapter: Cursor(session-id=01f1c33e-9a94-11a1-be45-2ee8ad4550ee, command-id=01f1c33e-9ac5-1065-83cd-40333b81bd8a) - Closing
[0m12:35:08.304389 [debug] [ThreadPool]: SQL status: OK in 1.600 seconds
[0m12:35:08.306592 [debug] [ThreadPool]: Databricks adapter: Cursor(session-id=01f1c33e-9a92-1668-aff0-1470bcc826d1, command-id=01f1c33e-9ac4-1862-a64e-96e9d97feedf) - Closing
[0m12:35:08.382511 [debug] [ThreadPool]: On list_dbt_dev_dbt_osalami_seeds: Close
[0m12:35:08.386372 [debug] [ThreadPool]: Databricks adapter: Connection(session-id=01f1c33e-9a94-11a1-be45-2ee8ad4550ee) - Closing
[0m12:35:08.504835 [debug] [ThreadPool]: On list_dbt_dev_dbt_osalami_marts: Close
[0m12:35:08.505707 [debug] [ThreadPool]: Databricks adapter: Connection(session-id=01f1c33e-9a92-1668-aff0-1470bcc826d1) - Closing
[0m12:35:08.619701 [debug] [MainThread]: Sending event: {'category': 'dbt', 'action': 'runnable_timing', 'label': '0d51d2c1-b5dc-4dda-922b-e539e329664b', 'context': [<snowplow_tracker.self_describing_json.SelfDescribingJson object at 0x114727170>]}
[0m12:35:08.624878 [debug] [Thread-2 (]: Began running node sql_operation.ppg.inline_query
[0m12:35:08.626159 [debug] [Thread-2 (]: Databricks adapter: DatabricksDBTConnection(session-id=None, name=sql_operation.ppg.inline_query) - Creating connection
[0m12:35:08.626829 [debug] [Thread-2 (]: Acquiring new databricks connection 'sql_operation.ppg.inline_query'
[0m12:35:08.627287 [debug] [Thread-2 (]: Began compiling node sql_operation.ppg.inline_query
[0m12:35:08.637465 [debug] [Thread-2 (]: Writing injected SQL for node "sql_operation.ppg.inline_query"
[0m12:35:08.638917 [debug] [Thread-2 (]: Began executing node sql_operation.ppg.inline_query
[0m12:35:08.646147 [debug] [Thread-2 (]: Using databricks connection "sql_operation.ppg.inline_query"
[0m12:35:08.646634 [debug] [Thread-2 (]: On sql_operation.ppg.inline_query: /* {"app": "dbt", "dbt_version": "1.11.12", "dbt_databricks_version": "1.12.2", "databricks_sql_connector_version": "4.3.0", "profile_name": "ppg", "target_name": "dev", "invocation_id": "0d51d2c1-b5dc-4dda-922b-e539e329664b", "node_id": "sql_operation.ppg.inline_query"} */

  
  
select version, timestamp, operation, userName from (describe history `prod_execution_metrics_marketplace`.`metrics359`.`rpt_fct_mk_cnt_cmpnt_po_all`)
order by version desc
  
  limit 3

[0m12:35:08.646931 [debug] [Thread-2 (]: Opening a new connection, currently in state init
[0m12:35:08.916229 [debug] [Thread-2 (]: Databricks adapter: Connection(session-id=01f1c33e-9b72-1223-a31d-66f8fcd0de3b) - Created
[0m12:35:10.512059 [debug] [Thread-2 (]: SQL status: OK in 1.860 seconds
[0m12:35:10.516215 [debug] [Thread-2 (]: Databricks adapter: Cursor(session-id=01f1c33e-9b72-1223-a31d-66f8fcd0de3b, command-id=01f1c33e-9b80-1cfd-ad11-3003fe1445b6) - Closing
[0m12:35:10.518775 [debug] [Thread-2 (]: On sql_operation.ppg.inline_query: Close
[0m12:35:10.519373 [debug] [Thread-2 (]: Databricks adapter: Connection(session-id=01f1c33e-9b72-1223-a31d-66f8fcd0de3b) - Closing
[0m12:35:10.631425 [debug] [Thread-2 (]: Finished running node sql_operation.ppg.inline_query
[0m12:35:10.634411 [debug] [MainThread]: Command end result
[0m12:35:10.691140 [debug] [MainThread]: Wrote artifact WritableManifest to /Users/olawalesalami/PROJECTS/dbt/dbt_databricks/target/manifest.json
[0m12:35:10.692775 [debug] [MainThread]: Wrote artifact SemanticManifest to /Users/olawalesalami/PROJECTS/dbt/dbt_databricks/target/semantic_manifest.json
[0m12:35:10.696612 [debug] [MainThread]: Wrote artifact RunExecutionResult to /Users/olawalesalami/PROJECTS/dbt/dbt_databricks/target/run_results.json
[0m12:35:10.696938 [info ] [MainThread]: Previewing inline node:
| version |            timestamp | operation   | userName             |
| ------- | -------------------- | ----------- | -------------------- |
|       9 | 2026-10-08 17:34:... | UPDATE      | wale.salami10@gma... |
|       8 | 2026-10-08 15:32:... | ADD COLUMNS | wale.salami10@gma... |
|       7 | 2026-10-08 15:28:... | UPDATE      | wale.salami10@gma... |

[0m12:35:10.700255 [debug] [MainThread]: Resource report: {"command_name": "show", "command_success": true, "command_wall_clock_time": 6.011455, "process_in_blocks": "0", "process_kernel_time": 0.441673, "process_mem_max_rss": "269320192", "process_out_blocks": "0", "process_user_time": 2.51517}
[0m12:35:10.700668 [debug] [MainThread]: Command `dbt show` succeeded at 12:35:10.700618 after 6.01 seconds
[0m12:35:10.700912 [debug] [MainThread]: Sending event: {'category': 'dbt', 'action': 'invocation', 'label': 'end', 'context': [<snowplow_tracker.self_describing_json.SelfDescribingJson object at 0x111177b90>, <snowplow_tracker.self_describing_json.SelfDescribingJson object at 0x106aa0170>, <snowplow_tracker.self_describing_json.SelfDescribingJson object at 0x1111cecf0>]}
[0m12:35:10.701159 [debug] [MainThread]: Flushing usage events
[0m12:35:10.903734 [debug] [MainThread]: An error was encountered while trying to flush usage events
[0m12:35:12.147613 [debug] [MainThread]: Sending event: {'category': 'dbt', 'action': 'invocation', 'label': 'start', 'context': [<snowplow_tracker.self_describing_json.SelfDescribingJson object at 0x10858ad20>, <snowplow_tracker.self_describing_json.SelfDescribingJson object at 0x109236fc0>, <snowplow_tracker.self_describing_json.SelfDescribingJson object at 0x109236c60>]}


============================== 12:35:12.151268 | b73b4090-25d3-417c-88ba-99289dd2bc74 ==============================
[0m12:35:12.151268 [info ] [MainThread]: Running with dbt=1.11.12
[0m12:35:12.151785 [debug] [MainThread]: running dbt with arguments {'printer_width': '80', 'introspect': 'True', 'target_path': 'None', 'log_path': '/Users/olawalesalami/PROJECTS/dbt/dbt_databricks/logs', 'log_format': 'default', 'version_check': 'True', 'static_parser': 'True', 'indirect_selection': 'eager', 'fail_fast': 'False', 'invocation_command': 'dbt source freshness --select source:metrics_marketplace', 'debug': 'False', 'empty': 'None', 'send_anonymous_usage_stats': 'True', 'log_cache_events': 'False', 'profiles_dir': '/Users/olawalesalami/.dbt', 'no_print': 'None', 'warn_error_options': 'WarnErrorOptionsV2(error=[], warn=[], silence=[])', 'write_json': 'True', 'warn_error': 'None', 'partial_parse': 'True', 'use_experimental_parser': 'False', 'quiet': 'False', 'cache_selected_only': 'False', 'use_colors': 'True'}
[0m12:35:12.646601 [debug] [MainThread]: Spark adapter: Setting pyhive.hive logging to ERROR
[0m12:35:12.646937 [debug] [MainThread]: Spark adapter: Setting thrift.transport logging to ERROR
[0m12:35:12.647121 [debug] [MainThread]: Spark adapter: Setting thrift.protocol logging to ERROR
[0m12:35:13.153497 [debug] [MainThread]: Sending event: {'category': 'dbt', 'action': 'project_id', 'label': 'b73b4090-25d3-417c-88ba-99289dd2bc74', 'context': [<snowplow_tracker.self_describing_json.SelfDescribingJson object at 0x11a0d45f0>]}
[0m12:35:13.183259 [debug] [MainThread]: Sending event: {'category': 'dbt', 'action': 'adapter_info', 'label': 'b73b4090-25d3-417c-88ba-99289dd2bc74', 'context': [<snowplow_tracker.self_describing_json.SelfDescribingJson object at 0x108992390>]}
[0m12:35:13.183705 [info ] [MainThread]: Registered adapter: databricks=1.12.2
[0m12:35:13.276624 [debug] [MainThread]: checksum: f368f5348cf42803b94ef7fb8257ecf3bf9a9a16dd9c8c51fe5172f2dbeb457f, vars: {}, profile: , target: , version: 1.11.12
[0m12:35:13.442614 [debug] [MainThread]: Partial parsing enabled: 0 files deleted, 0 files added, 0 files changed.
[0m12:35:13.442950 [debug] [MainThread]: Nothing changed, skipping partial parsing.
[0m12:35:13.443124 [debug] [MainThread]: Partial parsing enabled, no changes found, skipping parsing
[0m12:35:13.477927 [debug] [MainThread]: Sending event: {'category': 'dbt', 'action': 'load_project', 'label': 'b73b4090-25d3-417c-88ba-99289dd2bc74', 'context': [<snowplow_tracker.self_describing_json.SelfDescribingJson object at 0x11b8067e0>]}
[0m12:35:13.559851 [debug] [MainThread]: Wrote artifact WritableManifest to /Users/olawalesalami/PROJECTS/dbt/dbt_databricks/target/manifest.json
[0m12:35:13.561334 [debug] [MainThread]: Wrote artifact SemanticManifest to /Users/olawalesalami/PROJECTS/dbt/dbt_databricks/target/semantic_manifest.json
[0m12:35:13.570305 [debug] [MainThread]: Sending event: {'category': 'dbt', 'action': 'resource_counts', 'label': 'b73b4090-25d3-417c-88ba-99289dd2bc74', 'context': [<snowplow_tracker.self_describing_json.SelfDescribingJson object at 0x11c06b950>]}
[0m12:35:13.570606 [info ] [MainThread]: Found 34 models, 1 analysis, 72 data tests, 1 seed, 14 sources, 920 macros
[0m12:35:13.570802 [debug] [MainThread]: Sending event: {'category': 'dbt', 'action': 'runnable_timing', 'label': 'b73b4090-25d3-417c-88ba-99289dd2bc74', 'context': [<snowplow_tracker.self_describing_json.SelfDescribingJson object at 0x11c10e660>]}
[0m12:35:13.571919 [info ] [MainThread]: 
[0m12:35:13.572113 [info ] [MainThread]: Concurrency: 4 threads (target='dev')
[0m12:35:13.572271 [info ] [MainThread]: 
[0m12:35:13.572573 [debug] [MainThread]: Databricks adapter: DatabricksDBTConnection(session-id=None, name=master) - Creating connection
[0m12:35:13.572737 [debug] [MainThread]: Acquiring new databricks connection 'master'
[0m12:35:13.576235 [debug] [ThreadPool]: Databricks adapter: DatabricksDBTConnection(session-id=None, name=list_dbt_dev_dbt_osalami_seeds) - Creating connection
[0m12:35:13.576440 [debug] [ThreadPool]: Acquiring new databricks connection 'list_dbt_dev_dbt_osalami_seeds'
[0m12:35:13.576714 [debug] [ThreadPool]: Databricks adapter: DatabricksDBTConnection(session-id=None, name=list_dbt_dev_dbt_osalami_marts) - Creating connection
[0m12:35:13.583437 [debug] [ThreadPool]: Databricks adapter: DatabricksDBTConnection(session-id=None, name=list_dbt_dev_dbt_osalami_staging) - Creating connection
[0m12:35:13.583665 [debug] [ThreadPool]: Using databricks connection "list_dbt_dev_dbt_osalami_seeds"
[0m12:35:13.583884 [debug] [ThreadPool]: Acquiring new databricks connection 'list_dbt_dev_dbt_osalami_marts'
[0m12:35:13.584054 [debug] [ThreadPool]: Acquiring new databricks connection 'list_dbt_dev_dbt_osalami_staging'
[0m12:35:13.584269 [debug] [ThreadPool]: On list_dbt_dev_dbt_osalami_seeds: /* {"app": "dbt", "dbt_version": "1.11.12", "dbt_databricks_version": "1.12.2", "databricks_sql_connector_version": "4.3.0", "profile_name": "ppg", "target_name": "dev", "invocation_id": "b73b4090-25d3-417c-88ba-99289dd2bc74", "connection_name": "list_dbt_dev_dbt_osalami_seeds"} */

    
SELECT
  table_name,
  if(table_type IN ('EXTERNAL', 'MANAGED', 'MANAGED_SHALLOW_CLONE', 'EXTERNAL_SHALLOW_CLONE'), 'table', lower(table_type)) AS table_type,
  lower(data_source_format) AS file_format,
  table_owner,
  if(
    table_type IN (
      'EXTERNAL',
      'MANAGED',
      'MANAGED_SHALLOW_CLONE',
      'EXTERNAL_SHALLOW_CLONE'
    ),
    lower(table_type),
    NULL
  ) AS databricks_table_type
FROM `system`.`information_schema`.`tables`
WHERE table_catalog = 'dbt_dev'
  AND table_schema = 'dbt_osalami_seeds'

  
[0m12:35:13.585519 [debug] [ThreadPool]: Using databricks connection "list_dbt_dev_dbt_osalami_marts"
[0m12:35:13.586695 [debug] [ThreadPool]: Using databricks connection "list_dbt_dev_dbt_osalami_staging"
[0m12:35:13.586870 [debug] [ThreadPool]: Opening a new connection, currently in state init
[0m12:35:13.587065 [debug] [ThreadPool]: On list_dbt_dev_dbt_osalami_marts: /* {"app": "dbt", "dbt_version": "1.11.12", "dbt_databricks_version": "1.12.2", "databricks_sql_connector_version": "4.3.0", "profile_name": "ppg", "target_name": "dev", "invocation_id": "b73b4090-25d3-417c-88ba-99289dd2bc74", "connection_name": "list_dbt_dev_dbt_osalami_marts"} */

    
SELECT
  table_name,
  if(table_type IN ('EXTERNAL', 'MANAGED', 'MANAGED_SHALLOW_CLONE', 'EXTERNAL_SHALLOW_CLONE'), 'table', lower(table_type)) AS table_type,
  lower(data_source_format) AS file_format,
  table_owner,
  if(
    table_type IN (
      'EXTERNAL',
      'MANAGED',
      'MANAGED_SHALLOW_CLONE',
      'EXTERNAL_SHALLOW_CLONE'
    ),
    lower(table_type),
    NULL
  ) AS databricks_table_type
FROM `system`.`information_schema`.`tables`
WHERE table_catalog = 'dbt_dev'
  AND table_schema = 'dbt_osalami_marts'

  
[0m12:35:13.587267 [debug] [ThreadPool]: On list_dbt_dev_dbt_osalami_staging: /* {"app": "dbt", "dbt_version": "1.11.12", "dbt_databricks_version": "1.12.2", "databricks_sql_connector_version": "4.3.0", "profile_name": "ppg", "target_name": "dev", "invocation_id": "b73b4090-25d3-417c-88ba-99289dd2bc74", "connection_name": "list_dbt_dev_dbt_osalami_staging"} */

    
SELECT
  table_name,
  if(table_type IN ('EXTERNAL', 'MANAGED', 'MANAGED_SHALLOW_CLONE', 'EXTERNAL_SHALLOW_CLONE'), 'table', lower(table_type)) AS table_type,
  lower(data_source_format) AS file_format,
  table_owner,
  if(
    table_type IN (
      'EXTERNAL',
      'MANAGED',
      'MANAGED_SHALLOW_CLONE',
      'EXTERNAL_SHALLOW_CLONE'
    ),
    lower(table_type),
    NULL
  ) AS databricks_table_type
FROM `system`.`information_schema`.`tables`
WHERE table_catalog = 'dbt_dev'
  AND table_schema = 'dbt_osalami_staging'

  
[0m12:35:13.587600 [debug] [ThreadPool]: Opening a new connection, currently in state init
[0m12:35:13.587760 [debug] [ThreadPool]: Opening a new connection, currently in state init
[0m12:35:14.588771 [debug] [ThreadPool]: Databricks adapter: Connection(session-id=01f1c33e-9eb1-12c7-aacd-ae8d4c6a6ecd) - Created
[0m12:35:14.589446 [debug] [ThreadPool]: Databricks adapter: Connection(session-id=01f1c33e-9eb1-164c-8987-ee35460dd8f1) - Created
[0m12:35:14.589914 [debug] [ThreadPool]: Databricks adapter: Connection(session-id=01f1c33e-9eb2-16a9-ac90-ce0e2ccd5ae6) - Created
[0m12:35:15.121971 [debug] [ThreadPool]: SQL status: OK in 1.530 seconds
[0m12:35:15.127221 [debug] [ThreadPool]: Databricks adapter: Cursor(session-id=01f1c33e-9eb2-16a9-ac90-ce0e2ccd5ae6, command-id=01f1c33e-9ee3-164f-ba8a-bb6d76368c31) - Closing
[0m12:35:15.128778 [debug] [ThreadPool]: On list_dbt_dev_dbt_osalami_staging: Close
[0m12:35:15.129262 [debug] [ThreadPool]: Databricks adapter: Connection(session-id=01f1c33e-9eb2-16a9-ac90-ce0e2ccd5ae6) - Closing
[0m12:35:15.194696 [debug] [ThreadPool]: SQL status: OK in 1.610 seconds
[0m12:35:15.197620 [debug] [ThreadPool]: Databricks adapter: Cursor(session-id=01f1c33e-9eb1-164c-8987-ee35460dd8f1, command-id=01f1c33e-9ee3-1fe9-b7f4-5f197eb624c1) - Closing
[0m12:35:15.228659 [debug] [ThreadPool]: On list_dbt_dev_dbt_osalami_marts: Close
[0m12:35:15.232648 [debug] [ThreadPool]: Databricks adapter: Connection(session-id=01f1c33e-9eb1-164c-8987-ee35460dd8f1) - Closing
[0m12:35:15.271827 [debug] [ThreadPool]: SQL status: OK in 1.680 seconds
[0m12:35:15.275148 [debug] [ThreadPool]: Databricks adapter: Cursor(session-id=01f1c33e-9eb1-12c7-aacd-ae8d4c6a6ecd, command-id=01f1c33e-9ee3-13ef-9e1b-1a1fece1369a) - Closing
[0m12:35:15.347858 [debug] [ThreadPool]: On list_dbt_dev_dbt_osalami_seeds: Close
[0m12:35:15.348514 [debug] [ThreadPool]: Databricks adapter: Connection(session-id=01f1c33e-9eb1-12c7-aacd-ae8d4c6a6ecd) - Closing
[0m12:35:15.466032 [debug] [MainThread]: Sending event: {'category': 'dbt', 'action': 'runnable_timing', 'label': 'b73b4090-25d3-417c-88ba-99289dd2bc74', 'context': [<snowplow_tracker.self_describing_json.SelfDescribingJson object at 0x11c03fc50>]}
[0m12:35:15.468317 [debug] [Thread-2 (]: Began running node source.ppg.metrics_marketplace.rpt_fct_mk_cnt_cmpnt_po_all
[0m12:35:15.468699 [info ] [Thread-2 (]: 1 of 1 START freshness of metrics_marketplace.rpt_fct_mk_cnt_cmpnt_po_all ...... [RUN]
[0m12:35:15.469124 [debug] [Thread-2 (]: Databricks adapter: DatabricksDBTConnection(session-id=None, name=source.ppg.metrics_marketplace.rpt_fct_mk_cnt_cmpnt_po_all) - Creating connection
[0m12:35:15.469376 [debug] [Thread-2 (]: Acquiring new databricks connection 'source.ppg.metrics_marketplace.rpt_fct_mk_cnt_cmpnt_po_all'
[0m12:35:15.469604 [debug] [Thread-2 (]: Began compiling node source.ppg.metrics_marketplace.rpt_fct_mk_cnt_cmpnt_po_all
[0m12:35:15.469835 [debug] [Thread-2 (]: Began executing node source.ppg.metrics_marketplace.rpt_fct_mk_cnt_cmpnt_po_all
[0m12:35:15.474901 [debug] [Thread-2 (]: Using databricks connection "source.ppg.metrics_marketplace.rpt_fct_mk_cnt_cmpnt_po_all"
[0m12:35:15.475214 [debug] [Thread-2 (]: On source.ppg.metrics_marketplace.rpt_fct_mk_cnt_cmpnt_po_all: /* {"app": "dbt", "dbt_version": "1.11.12", "dbt_databricks_version": "1.12.2", "databricks_sql_connector_version": "4.3.0", "profile_name": "ppg", "target_name": "dev", "invocation_id": "b73b4090-25d3-417c-88ba-99289dd2bc74", "node_id": "source.ppg.metrics_marketplace.rpt_fct_mk_cnt_cmpnt_po_all"} */
select
      max(last_updated_timestamp) as max_loaded_at,
      current_timestamp() as snapshotted_at
    from `prod_execution_metrics_marketplace`.`metrics359`.`rpt_fct_mk_cnt_cmpnt_po_all`
    
  
[0m12:35:15.475451 [debug] [Thread-2 (]: Opening a new connection, currently in state init
[0m12:35:15.735001 [debug] [Thread-2 (]: Databricks adapter: Connection(session-id=01f1c33e-9f83-17a8-9cbc-4a11207468d8) - Created
[0m12:35:16.359054 [debug] [Thread-2 (]: SQL status: OK in 0.880 seconds
[0m12:35:16.367468 [debug] [Thread-2 (]: Databricks adapter: Cursor(session-id=01f1c33e-9f83-17a8-9cbc-4a11207468d8, command-id=01f1c33e-9f91-1f5b-8389-744bbbf9a80d) - Closing
[0m12:35:16.369776 [debug] [Thread-2 (]: On source.ppg.metrics_marketplace.rpt_fct_mk_cnt_cmpnt_po_all: Close
[0m12:35:16.370425 [debug] [Thread-2 (]: Databricks adapter: Connection(session-id=01f1c33e-9f83-17a8-9cbc-4a11207468d8) - Closing
[0m12:35:16.497196 [info ] [Thread-2 (]: 1 of 1 PASS freshness of metrics_marketplace.rpt_fct_mk_cnt_cmpnt_po_all ....... [[32mPASS[0m in 1.03s]
[0m12:35:16.498354 [debug] [Thread-2 (]: Finished running node source.ppg.metrics_marketplace.rpt_fct_mk_cnt_cmpnt_po_all
[0m12:35:16.501388 [debug] [MainThread]: Databricks adapter: DatabricksDBTConnection(session-id=None, name=master) - Creating connection
[0m12:35:16.501820 [debug] [MainThread]: Acquiring new databricks connection 'master'
[0m12:35:16.502672 [info ] [MainThread]: 
[0m12:35:16.503066 [info ] [MainThread]: Finished running 1 source in 0 hours 0 minutes and 2.93 seconds (2.93s).
[0m12:35:16.567237 [debug] [MainThread]: Wrote artifact WritableManifest to /Users/olawalesalami/PROJECTS/dbt/dbt_databricks/target/manifest.json
[0m12:35:16.569799 [debug] [MainThread]: Wrote artifact SemanticManifest to /Users/olawalesalami/PROJECTS/dbt/dbt_databricks/target/semantic_manifest.json
[0m12:35:16.574091 [debug] [MainThread]: Wrote artifact FreshnessResult to /Users/olawalesalami/PROJECTS/dbt/dbt_databricks/target/sources.json
[0m12:35:16.574362 [info ] [MainThread]: Done.
[0m12:35:16.579169 [debug] [MainThread]: Resource report: {"command_name": "freshness", "command_success": true, "command_wall_clock_time": 4.472843, "process_in_blocks": "0", "process_kernel_time": 0.394444, "process_mem_max_rss": "274530304", "process_out_blocks": "0", "process_user_time": 2.294359}
[0m12:35:16.579776 [debug] [MainThread]: Command `dbt source freshness` succeeded at 12:35:16.579690 after 4.47 seconds
[0m12:35:16.580275 [debug] [MainThread]: Sending event: {'category': 'dbt', 'action': 'invocation', 'label': 'end', 'context': [<snowplow_tracker.self_describing_json.SelfDescribingJson object at 0x1091b2b10>, <snowplow_tracker.self_describing_json.SelfDescribingJson object at 0x109236f90>, <snowplow_tracker.self_describing_json.SelfDescribingJson object at 0x109236fc0>]}
[0m12:35:16.580589 [debug] [MainThread]: Flushing usage events
[0m12:35:16.795289 [debug] [MainThread]: An error was encountered while trying to flush usage events
